{"stats":{"minecraft:custom":{"minecraft:jump":69,"minecraft:open_chest":1,"minecraft:time_since_rest":5286,"minecraft:sprint_one_cm":15941,"minecraft:play_time":5286,"minecraft:damage_taken":70,"minecraft:time_since_death":5286,"minecraft:walk_one_cm":7349,"minecraft:sneak_time":2,"minecraft:total_world_time":5286,"minecraft:talked_to_villager":2,"minecraft:drop":2,"minecraft:fall_one_cm":1529,"minecraft:fly_one_cm":14852},"minecraft:mined":{"minecraft:grass":1,"byg:blueberry_bush":7},"minecraft:picked_up":{"byg:blueberries":13},"minecraft:used":{"byg:blueberries":8},"minecraft:dropped":{"byg:blueberries":2}},"DataVersion":3120}