{"stats":{"minecraft:killed_by":{"iceandfire:ghost":1},"minecraft:custom":{"minecraft:interact_with_smithing_table":1,"minecraft:interact_with_furnace":13,"minecraft:mob_kills":11,"minecraft:interact_with_crafting_table":7,"minecraft:bell_ring":5,"minecraft:interact_with_stonecutter":1,"minecraft:leave_game":2,"minecraft:time_since_death":9575,"minecraft:sleep_in_bed":2,"minecraft:time_since_rest":9598,"minecraft:sprint_one_cm":149772,"minecraft:damage_taken":977,"minecraft:walk_one_cm":128784,"minecraft:trigger_trapped_chest":2,"minecraft:drop":3,"minecraft:damage_dealt":1554,"minecraft:swim_one_cm":12993,"minecraft:talked_to_villager":2,"minecraft:fly_one_cm":175899,"minecraft:open_chest":12,"minecraft:crouch_one_cm":407,"minecraft:play_time":64407,"minecraft:deaths":1,"minecraft:sneak_time":627,"minecraft:walk_under_water_one_cm":5918,"minecraft:boat_one_cm":106329,"minecraft:jump":1001,"minecraft:walk_on_water_one_cm":13216,"minecraft:total_world_time":64407,"minecraft:fall_one_cm":26977},"minecraft:mined":{"byg:clover_patch":2,"minecraft:spruce_planks":9,"iceandfire:silver_ore":4,"minecraft:powder_snow":62,"minecraft:crafting_table":4,"minecraft:torch":4,"minecraft:grass_block":1,"minecraft:wall_torch":4,"dynamictrees:oak_undergrowth_leaves":1,"minecraft:blue_ice":44,"minecraft:ice":17,"minecraft:pumpkin":1,"minecraft:grass":1,"minecraft:potatoes":1,"minecraft:coal_ore":46,"minecraft:vine":1,"minecraft:dirt":2,"minecraft:sunflower":1,"minecraft:gravel":3,"byg:blueberry_bush":10,"minecraft:packed_ice":2,"minecraft:stone":32},"minecraft:picked_up":{"minecraft:crafting_table":4,"minecraft:potato":1,"minecraft:ice":6,"minecraft:oak_log":10,"minecraft:golden_sword":1,"minecraft:dirt":6,"minecraft:flint_and_steel":1,"minecraft:cooked_mutton":7,"minecraft:armor_stand":1,"minecraft:iron_shovel":1,"minecraft:bone":6,"minecraft:wheat_seeds":2,"byg:blueberries":20,"minecraft:spruce_planks":9,"minecraft:stone_pickaxe":1,"minecraft:iron_nugget":26,"dynamictrees:oak_seed":4,"minecraft:stick":21,"iceandfire:dragonbone":27,"minecraft:pumpkin":1,"minecraft:torch":25,"iceandfire:silver_ore":4,"minecraft:gravel":3,"minecraft:spruce_log":5,"minecraft:dark_oak_log":4,"minecraft:golden_chestplate":1,"iceandfire:dragon_skull_ice":1,"minecraft:arrow":2,"minecraft:netherite_helmet":1,"minecraft:golden_hoe":1,"minecraft:stone_axe":1,"minecraft:soul_lantern":2,"minecraft:blue_ice":26,"minecraft:golden_apple":1,"minecraft:obsidian":1,"minecraft:coal":78,"minecraft:mutton":12,"minecraft:white_wool":8,"minecraft:cobblestone":42,"minecraft:sunflower":1},"minecraft:crafted":{"minecraft:crafting_table":1,"minecraft:furnace":2,"minecraft:stone_axe":1,"minecraft:cooked_mutton":12,"minecraft:air":0,"primitivestart:bone_pickaxe":1,"minecraft:charcoal":15,"minecraft:stone_pickaxe":1,"minecraft:chest":2,"minecraft:spruce_boat":1,"minecraft:dark_oak_planks":16,"minecraft:torch":16},"minecraft:used":{"minecraft:cooked_mutton":9,"minecraft:iron_shovel":71,"primitivestart:bone_pickaxe":74,"minecraft:armor_stand":1,"minecraft:stone_pickaxe":43,"minecraft:chest":2,"minecraft:torch":9,"minecraft:dirt":3,"minecraft:crafting_table":5,"minecraft:blue_ice":26,"minecraft:netherite_helmet":1,"minecraft:spruce_boat":1,"byg:blueberries":12,"minecraft:bread":2,"minecraft:golden_sword":19,"minecraft:sweet_berries":6,"minecraft:furnace":2,"minecraft:pumpkin_pie":1,"alexsmobs:animal_dictionary":1,"minecraft:pumpkin":1,"minecraft:golden_pickaxe":32,"minecraft:golden_axe":18},"minecraft:killed":{"minecraft:sheep":7,"minecraft:pillager":1,"iceandfire:ghost":2},"minecraft:broken":{"minecraft:golden_axe":1,"minecraft:golden_pickaxe":1},"minecraft:dropped":{"byg:blueberries":2,"minecraft:golden_chestplate":1}},"DataVersion":3120}