{"stats":{"minecraft:custom":{"minecraft:interact_with_smithing_table":1,"minecraft:interact_with_furnace":11,"minecraft:mob_kills":9,"minecraft:interact_with_crafting_table":7,"minecraft:bell_ring":5,"minecraft:leave_game":1,"minecraft:time_since_death":52100,"minecraft:sleep_in_bed":2,"minecraft:time_since_rest":19867,"minecraft:sprint_one_cm":99934,"minecraft:damage_taken":433,"minecraft:walk_one_cm":98132,"minecraft:drop":2,"minecraft:damage_dealt":837,"minecraft:swim_one_cm":10640,"minecraft:talked_to_villager":2,"minecraft:fly_one_cm":89906,"minecraft:open_chest":8,"minecraft:crouch_one_cm":379,"minecraft:play_time":52100,"minecraft:sneak_time":533,"minecraft:walk_under_water_one_cm":5545,"minecraft:boat_one_cm":106329,"minecraft:jump":673,"minecraft:walk_on_water_one_cm":12300,"minecraft:total_world_time":52100,"minecraft:fall_one_cm":16478},"minecraft:mined":{"byg:clover_patch":2,"minecraft:spruce_planks":9,"iceandfire:silver_ore":4,"minecraft:powder_snow":3,"minecraft:crafting_table":4,"minecraft:torch":4,"minecraft:wall_torch":4,"dynamictrees:oak_undergrowth_leaves":1,"minecraft:blue_ice":44,"minecraft:ice":17,"minecraft:pumpkin":1,"minecraft:grass":1,"minecraft:coal_ore":46,"minecraft:sunflower":1,"minecraft:gravel":3,"byg:blueberry_bush":8,"minecraft:packed_ice":2,"minecraft:stone":32},"minecraft:picked_up":{"minecraft:crafting_table":4,"minecraft:ice":6,"minecraft:oak_log":10,"minecraft:armor_stand":1,"minecraft:bone":6,"byg:blueberries":16,"minecraft:spruce_planks":9,"dynamictrees:oak_seed":4,"minecraft:stick":21,"iceandfire:dragonbone":27,"minecraft:pumpkin":1,"minecraft:torch":9,"iceandfire:silver_ore":4,"minecraft:gravel":3,"minecraft:spruce_log":5,"minecraft:dark_oak_log":4,"iceandfire:dragon_skull_ice":1,"minecraft:arrow":2,"minecraft:soul_lantern":2,"minecraft:blue_ice":26,"minecraft:coal":46,"minecraft:mutton":12,"minecraft:white_wool":8,"minecraft:cobblestone":32,"minecraft:sunflower":1},"minecraft:crafted":{"minecraft:crafting_table":1,"minecraft:furnace":2,"minecraft:stone_axe":1,"minecraft:cooked_mutton":12,"minecraft:air":0,"primitivestart:bone_pickaxe":1,"minecraft:charcoal":15,"minecraft:stone_pickaxe":1,"minecraft:chest":2,"minecraft:spruce_boat":1,"minecraft:dark_oak_planks":16,"minecraft:torch":16},"minecraft:used":{"minecraft:cooked_mutton":5,"minecraft:iron_shovel":9,"primitivestart:bone_pickaxe":74,"minecraft:armor_stand":1,"minecraft:stone_pickaxe":43,"minecraft:chest":2,"minecraft:torch":9,"minecraft:crafting_table":5,"minecraft:blue_ice":26,"minecraft:netherite_helmet":1,"minecraft:spruce_boat":1,"byg:blueberries":12,"minecraft:bread":2,"minecraft:golden_sword":6,"minecraft:sweet_berries":6,"minecraft:furnace":2,"minecraft:pumpkin_pie":1,"alexsmobs:animal_dictionary":1,"minecraft:pumpkin":1,"minecraft:golden_pickaxe":32,"minecraft:golden_axe":18},"minecraft:killed":{"minecraft:sheep":7,"minecraft:pillager":1},"minecraft:broken":{"minecraft:golden_axe":1,"minecraft:golden_pickaxe":1},"minecraft:dropped":{"byg:blueberries":2}},"DataVersion":3120}