{"stats":{"minecraft:custom":{"minecraft:interact_with_smithing_table":1,"minecraft:time_since_rest":17889,"minecraft:sprint_one_cm":66860,"minecraft:damage_taken":331,"minecraft:walk_one_cm":47122,"minecraft:mob_kills":6,"minecraft:drop":2,"minecraft:damage_dealt":577,"minecraft:talked_to_villager":2,"minecraft:swim_one_cm":10640,"minecraft:interact_with_crafting_table":2,"minecraft:fly_one_cm":53346,"minecraft:open_chest":4,"minecraft:crouch_one_cm":248,"minecraft:play_time":28100,"minecraft:sneak_time":410,"minecraft:walk_under_water_one_cm":4180,"minecraft:boat_one_cm":54048,"minecraft:jump":402,"minecraft:leave_game":1,"minecraft:walk_on_water_one_cm":8855,"minecraft:time_since_death":28100,"minecraft:sleep_in_bed":1,"minecraft:total_world_time":28100,"minecraft:fall_one_cm":10447},"minecraft:mined":{"byg:clover_patch":1,"minecraft:spruce_planks":9,"minecraft:ice":17,"minecraft:blue_ice":43,"minecraft:pumpkin":1,"minecraft:crafting_table":4,"minecraft:torch":3,"minecraft:grass":1,"byg:blueberry_bush":7,"minecraft:packed_ice":1,"minecraft:wall_torch":3},"minecraft:picked_up":{"minecraft:crafting_table":4,"iceandfire:dragonbone":27,"minecraft:pumpkin":1,"minecraft:torch":7,"minecraft:ice":6,"iceandfire:dragon_skull_ice":1,"minecraft:armor_stand":1,"minecraft:bone":1,"minecraft:soul_lantern":2,"byg:blueberries":13,"minecraft:spruce_planks":9,"minecraft:blue_ice":26,"minecraft:mutton":5,"minecraft:white_wool":4},"minecraft:crafted":{"primitivestart:bone_pickaxe":1,"minecraft:crafting_table":1,"minecraft:spruce_boat":1},"minecraft:used":{"minecraft:spruce_boat":1,"byg:blueberries":12,"minecraft:iron_shovel":3,"minecraft:armor_stand":1,"primitivestart:bone_pickaxe":29,"minecraft:bread":2,"minecraft:torch":6,"minecraft:golden_sword":6,"minecraft:sweet_berries":6,"minecraft:crafting_table":4,"minecraft:netherite_helmet":1,"minecraft:blue_ice":26,"alexsmobs:animal_dictionary":1,"minecraft:pumpkin_pie":1,"minecraft:golden_axe":9,"minecraft:pumpkin":1,"minecraft:golden_pickaxe":32},"minecraft:killed":{"minecraft:sheep":4,"minecraft:pillager":1},"minecraft:dropped":{"byg:blueberries":2},"minecraft:broken":{"minecraft:golden_pickaxe":1}},"DataVersion":3120}