{"stats":{"minecraft:custom":{"minecraft:interact_with_smithing_table":1,"minecraft:time_since_rest":7867,"minecraft:interact_with_furnace":7,"minecraft:sprint_one_cm":88577,"minecraft:damage_taken":397,"minecraft:walk_one_cm":82405,"minecraft:mob_kills":9,"minecraft:drop":2,"minecraft:damage_dealt":837,"minecraft:talked_to_villager":2,"minecraft:swim_one_cm":10640,"minecraft:interact_with_crafting_table":4,"minecraft:fly_one_cm":77339,"minecraft:open_chest":5,"minecraft:crouch_one_cm":342,"minecraft:play_time":40100,"minecraft:bell_ring":5,"minecraft:sneak_time":438,"minecraft:walk_under_water_one_cm":5545,"minecraft:boat_one_cm":106329,"minecraft:jump":546,"minecraft:leave_game":1,"minecraft:walk_on_water_one_cm":12300,"minecraft:time_since_death":40100,"minecraft:sleep_in_bed":2,"minecraft:total_world_time":40100,"minecraft:fall_one_cm":12866},"minecraft:mined":{"byg:clover_patch":1,"minecraft:spruce_planks":9,"minecraft:ice":17,"minecraft:blue_ice":44,"minecraft:pumpkin":1,"minecraft:crafting_table":4,"minecraft:torch":4,"minecraft:grass":1,"minecraft:sunflower":1,"byg:blueberry_bush":8,"minecraft:packed_ice":2,"minecraft:stone":21,"minecraft:wall_torch":4},"minecraft:picked_up":{"minecraft:stick":21,"minecraft:crafting_table":4,"iceandfire:dragonbone":27,"minecraft:pumpkin":1,"minecraft:torch":9,"minecraft:ice":6,"minecraft:oak_log":10,"minecraft:spruce_log":5,"minecraft:dark_oak_log":4,"iceandfire:dragon_skull_ice":1,"minecraft:armor_stand":1,"minecraft:arrow":2,"minecraft:bone":6,"minecraft:soul_lantern":2,"byg:blueberries":16,"minecraft:spruce_planks":9,"minecraft:blue_ice":26,"dynamictrees:oak_seed":4,"minecraft:mutton":12,"minecraft:white_wool":8,"minecraft:cobblestone":21,"minecraft:sunflower":1},"minecraft:crafted":{"minecraft:charcoal":6,"primitivestart:bone_pickaxe":1,"minecraft:crafting_table":1,"minecraft:furnace":2,"minecraft:spruce_boat":1,"minecraft:air":0,"minecraft:cooked_mutton":8},"minecraft:used":{"minecraft:cooked_mutton":1,"minecraft:spruce_boat":1,"byg:blueberries":12,"minecraft:iron_shovel":3,"minecraft:armor_stand":1,"primitivestart:bone_pickaxe":53,"minecraft:bread":2,"minecraft:torch":9,"minecraft:golden_sword":6,"minecraft:sweet_berries":6,"minecraft:crafting_table":5,"minecraft:furnace":2,"minecraft:netherite_helmet":1,"minecraft:blue_ice":26,"alexsmobs:animal_dictionary":1,"minecraft:pumpkin_pie":1,"minecraft:golden_axe":18,"minecraft:pumpkin":1,"minecraft:golden_pickaxe":32},"minecraft:killed":{"minecraft:sheep":7,"minecraft:pillager":1},"minecraft:dropped":{"byg:blueberries":2},"minecraft:broken":{"minecraft:golden_pickaxe":1,"minecraft:golden_axe":1}},"DataVersion":3120}