{"stats":{"minecraft:custom":{"minecraft:time_since_rest":8723,"minecraft:interact_with_smithing_table":1,"minecraft:sprint_one_cm":39559,"minecraft:walk_one_cm":33179,"minecraft:damage_taken":183,"minecraft:mob_kills":5,"minecraft:drop":2,"minecraft:damage_dealt":338,"minecraft:talked_to_villager":2,"minecraft:swim_one_cm":10082,"minecraft:interact_with_crafting_table":1,"minecraft:fly_one_cm":37014,"minecraft:open_chest":4,"minecraft:crouch_one_cm":188,"minecraft:play_time":18934,"minecraft:sneak_time":112,"minecraft:walk_under_water_one_cm":840,"minecraft:boat_one_cm":54048,"minecraft:jump":242,"minecraft:leave_game":1,"minecraft:time_since_death":18934,"minecraft:walk_on_water_one_cm":2402,"minecraft:sleep_in_bed":1,"minecraft:total_world_time":18934,"minecraft:fall_one_cm":6263},"minecraft:mined":{"byg:clover_patch":1,"minecraft:spruce_planks":9,"minecraft:pumpkin":1,"minecraft:crafting_table":1,"minecraft:torch":2,"minecraft:grass":1,"byg:blueberry_bush":7,"minecraft:wall_torch":3},"minecraft:picked_up":{"minecraft:crafting_table":1,"minecraft:pumpkin":1,"minecraft:torch":5,"minecraft:bone":1,"byg:blueberries":13,"minecraft:spruce_planks":9,"minecraft:mutton":5,"minecraft:white_wool":4},"minecraft:crafted":{"minecraft:crafting_table":1,"minecraft:spruce_boat":1},"minecraft:used":{"minecraft:spruce_boat":1,"byg:blueberries":10,"minecraft:iron_shovel":3,"minecraft:bread":1,"minecraft:torch":4,"minecraft:crafting_table":1,"alexsmobs:animal_dictionary":1,"minecraft:pumpkin_pie":1,"minecraft:pumpkin":1},"minecraft:killed":{"minecraft:sheep":4},"minecraft:dropped":{"byg:blueberries":2}},"DataVersion":3120}