{"stats":{"minecraft:mined":{"botania:green_mystical_flower":3,"minecraft:brown_mushroom":7,"minecraft:dandelion":1,"minecraft:clay":1,"botania:green_double_flower":1,"minecraft:grass_block":6,"minecraft:cobblestone":4,"minecraft:tall_grass":95,"minecraft:red_mushroom":6,"byg:soapstone":1,"botania:purple_mystical_flower":1,"minecraft:pumpkin":6,"minecraft:grass":212,"minecraft:coal_ore":25,"minecraft:dirt_path":1,"minecraft:gravel":4,"minecraft:dirt":6,"minecraft:packed_ice":3,"botania:brown_mystical_flower":2,"minecraft:stone":31},"minecraft:custom":{"minecraft:interact_with_furnace":3,"minecraft:mob_kills":7,"minecraft:interact_with_crafting_table":7,"minecraft:time_since_death":4283,"minecraft:sleep_in_bed":3,"minecraft:time_since_rest":3937,"minecraft:sprint_one_cm":76142,"minecraft:damage_taken":1085,"minecraft:walk_one_cm":328117,"minecraft:drop":3,"minecraft:damage_dealt":1073,"minecraft:talked_to_villager":10,"minecraft:fly_one_cm":19669,"minecraft:open_chest":10,"minecraft:play_time":71865,"tombstone:undead_killed":2,"minecraft:deaths":2,"minecraft:sneak_time":17,"minecraft:walk_under_water_one_cm":19222,"minecraft:jump":784,"minecraft:walk_on_water_one_cm":20081,"minecraft:total_world_time":71865,"minecraft:fall_one_cm":11834},"minecraft:broken":{"primitivestart:bone_pickaxe":1},"minecraft:killed":{"minecraft:pig":2,"minecraft:zombie":2,"minecraft:cow":4},"minecraft:used":{"minecraft:wheat_seeds":10,"primitivestart:bone_pickaxe":83,"minecraft:stone_pickaxe":16,"minecraft:chest":2,"minecraft:crafting_table":3,"minecraft:pumpkin_seeds":7,"minecraft:iron_axe":12,"minecraft:bread":1,"minecraft:cobblestone":19,"minecraft:beef":5,"minecraft:porkchop":1,"minecraft:cooked_porkchop":4,"minecraft:potato":2,"minecraft:pumpkin":1},"minecraft:picked_up":{"minecraft:crafting_table":1,"byg:soapstone":1,"minecraft:clay_ball":4,"spartanweaponry:iron_battleaxe":1,"minecraft:leather":5,"minecraft:brown_mushroom":6,"minecraft:red_mushroom":6,"minecraft:potato":1,"botania:green_double_flower":1,"minecraft:oak_log":9,"minecraft:string":1,"minecraft:dirt":13,"minecraft:iron_axe":3,"minecraft:bone":3,"minecraft:wheat_seeds":22,"botania:purple_mystical_flower":1,"minecraft:beef":5,"minecraft:stone_pickaxe":1,"dynamictrees:oak_seed":4,"minecraft:furnace":2,"minecraft:stick":30,"minecraft:pumpkin":6,"minecraft:gravel":4,"minecraft:porkchop":5,"minecraft:spruce_log":10,"minecraft:rotten_flesh":4,"minecraft:bread":1,"botania:green_mystical_flower":3,"botania:brown_mystical_flower":2,"minecraft:coal":25,"minecraft:cobblestone":35},"minecraft:dropped":{"minecraft:iron_axe":2,"minecraft:stone_pickaxe":1},"minecraft:crafted":{"minecraft:oak_planks":36,"minecraft:cooked_porkchop":4,"minecraft:crafting_table":2,"minecraft:pumpkin_seeds":16,"primitivestart:bone_pickaxe":1,"minecraft:stone_pickaxe":2,"minecraft:chest":2}},"DataVersion":3120}