{"stats":{"minecraft:killed":{"alexsmobs:lobster":1,"minecraft:vindicator":2,"minecraft:skeleton":18,"minecraft:magma_cube":10,"minecraft:pig":2,"zombie_extreme:infected_hazmat":1,"raxiores:ladro_stocker":1,"minecraft:zombie":2,"minecraft:cow":4},"minecraft:crafted":{"minecraft:oak_planks":36,"minecraft:mushroom_stew":12,"minecraft:stone_pickaxe":4,"minecraft:chest":2,"minecraft:cooked_cod":1,"minecraft:cooked_porkchop":4,"minecraft:crafting_table":8,"minecraft:spruce_planks":24,"minecraft:bowl":12,"minecraft:cooked_salmon":2,"minecraft:pumpkin_seeds":16,"minecraft:bread":8,"primitivestart:bone_pickaxe":1,"minecraft:stone_sword":6},"minecraft:mined":{"minecraft:dark_oak_planks":1,"iceandfire:silver_ore":1,"minecraft:sea_lantern":1,"minecraft:grass_block":9,"sophisticatedbackpacks:iron_backpack":1,"minecraft:brown_mushroom_block":24,"minecraft:red_mushroom":11,"minecraft:tall_seagrass":1,"botania:purple_mystical_flower":1,"biomesoplenty:toadstool":1,"minecraft:pumpkin":6,"minecraft:dark_oak_stairs":1,"minecraft:gold_block":1,"minecraft:potatoes":1,"minecraft:vine":1,"minecraft:dirt_path":3,"minecraft:packed_ice":5,"botania:brown_mystical_flower":2,"minecraft:stone":48,"minecraft:spruce_slab":1,"minecraft:tripwire":3,"botania:green_mystical_flower":3,"minecraft:brown_mushroom":7,"minecraft:dandelion":1,"minecraft:powder_snow":38,"minecraft:clay":1,"botania:green_double_flower":1,"minecraft:tall_grass":108,"minecraft:cobblestone":4,"minecraft:sugar_cane":1,"minecraft:purple_bed":6,"byg:soapstone":1,"minecraft:wheat":1,"minecraft:ice":1,"minecraft:grass":219,"minecraft:coal_ore":29,"minecraft:gravel":12,"minecraft:sand":2,"minecraft:dirt":9,"minecraft:red_mushroom_block":1,"minecraft:mossy_stone_bricks":4},"minecraft:dropped":{"minecraft:mushroom_stew":4,"minecraft:stick":4,"minecraft:cooked_salmon":5,"minecraft:iron_axe":2,"minecraft:fishing_rod":1,"dynamictrees:oak_seed":5,"minecraft:stone_pickaxe":1},"minecraft:killed_by":{"minecraft:creeper":1,"iceandfire:gorgon":1},"minecraft:custom":{"minecraft:mob_kills":31,"minecraft:interact_with_crafting_table":23,"minecraft:leave_game":5,"minecraft:time_since_death":18945,"minecraft:climb_one_cm":9725,"minecraft:sprint_one_cm":221260,"minecraft:walk_one_cm":726821,"minecraft:drop":15,"minecraft:talked_to_villager":12,"minecraft:play_time":212733,"minecraft:deaths":5,"minecraft:sneak_time":1132,"minecraft:walk_under_water_one_cm":103785,"minecraft:boat_one_cm":247134,"minecraft:jump":1995,"minecraft:walk_on_water_one_cm":161690,"minecraft:total_world_time":212733,"minecraft:interact_with_furnace":11,"tombstone:raider_killed":2,"minecraft:sleep_in_bed":9,"minecraft:time_since_rest":5949,"minecraft:waystone_activated":1,"minecraft:damage_taken":2147483647,"minecraft:damage_dealt":6688,"minecraft:swim_one_cm":15266,"minecraft:fly_one_cm":57817,"minecraft:open_chest":38,"minecraft:crouch_one_cm":3609,"tombstone:undead_killed":20,"minecraft:fish_caught":2,"minecraft:fall_one_cm":33229,"minecraft:inspect_dispenser":1},"minecraft:picked_up":{"minecraft:crafting_table":1,"minecraft:wheat":1,"byg:soapstone":1,"minecraft:clay_ball":4,"dynamictrees:spruce_seed":2,"minecraft:brown_mushroom":13,"minecraft:gold_block":1,"minecraft:shield":1,"minecraft:string":3,"minecraft:iron_axe":4,"minecraft:cooked_salmon":12,"minecraft:iron_leggings":1,"minecraft:beef":5,"dynamictrees:oak_seed":4,"minecraft:iron_pickaxe":1,"minecraft:spruce_slab":1,"minecraft:sugar_cane":1,"minecraft:furnace":3,"minecraft:iron_boots":1,"minecraft:egg":1,"minecraft:stick":39,"minecraft:torch":27,"minecraft:bowl":1,"iceandfire:silver_ore":1,"minecraft:porkchop":5,"tombstone:grave_dust":4,"minecraft:prismarine_crystals":2,"minecraft:rotten_flesh":5,"minecraft:arrow":8,"botania:green_mystical_flower":3,"minecraft:cod":1,"minecraft:cobblestone":49,"minecraft:water_bucket":1,"minecraft:salmon":1,"spartanweaponry:iron_battleaxe":1,"minecraft:leather":5,"minecraft:red_mushroom":11,"minecraft:potato":5,"minecraft:flint":1,"botania:green_double_flower":1,"minecraft:oak_log":9,"minecraft:dirt":20,"minecraft:bone":9,"minecraft:wheat_seeds":27,"botania:purple_mystical_flower":1,"minecraft:stone_pickaxe":1,"minecraft:mossy_stone_bricks":4,"minecraft:dark_oak_stairs":1,"biomesoplenty:toadstool":1,"alexsmobs:fish_bones":1,"minecraft:pumpkin":6,"minecraft:gravel":11,"minecraft:sand":2,"sophisticatedbackpacks:iron_backpack":1,"minecraft:ink_sac":1,"minecraft:spruce_log":16,"minecraft:purple_bed":6,"minecraft:bread":1,"minecraft:emerald":1,"minecraft:baked_potato":19,"botania:brown_mystical_flower":2,"minecraft:coal":28},"minecraft:used":{"minecraft:stone_sword":114,"minecraft:chest":2,"minecraft:iron_sword":37,"minecraft:cooked_salmon":6,"minecraft:iron_axe":121,"minecraft:beef":5,"minecraft:furnace":3,"minecraft:potato":6,"minecraft:pumpkin":1,"minecraft:wheat_seeds":10,"minecraft:water_bucket":1,"primitivestart:bone_pickaxe":83,"minecraft:stone_pickaxe":301,"minecraft:baked_potato":13,"minecraft:sand":2,"minecraft:crafting_table":5,"minecraft:mushroom_stew":6,"spartanweaponry:iron_flanged_mace":63,"minecraft:pumpkin_seeds":7,"minecraft:bread":3,"minecraft:iron_pickaxe":48,"minecraft:gravel":7,"minecraft:fishing_rod":9,"minecraft:cobblestone":21,"minecraft:purple_bed":5,"minecraft:cooked_porkchop":4,"minecraft:porkchop":1},"minecraft:broken":{"spartanweaponry:iron_flanged_mace":1,"minecraft:stone_pickaxe":4,"minecraft:iron_axe":1,"primitivestart:bone_pickaxe":1}},"DataVersion":3120}