{"stats":{"minecraft:mined":{"botania:green_mystical_flower":3,"minecraft:brown_mushroom":7,"iceandfire:silver_ore":1,"minecraft:dandelion":1,"minecraft:clay":1,"botania:green_double_flower":1,"minecraft:grass_block":6,"minecraft:brown_mushroom_block":24,"minecraft:tall_grass":95,"minecraft:cobblestone":4,"minecraft:red_mushroom":11,"byg:soapstone":1,"botania:purple_mystical_flower":1,"minecraft:pumpkin":6,"minecraft:grass":212,"minecraft:coal_ore":25,"minecraft:dirt_path":1,"minecraft:gravel":4,"minecraft:dirt":6,"minecraft:packed_ice":3,"botania:brown_mystical_flower":2,"minecraft:red_mushroom_block":1,"minecraft:stone":31},"minecraft:custom":{"minecraft:interact_with_furnace":5,"minecraft:mob_kills":7,"minecraft:interact_with_crafting_table":18,"minecraft:leave_game":2,"minecraft:time_since_death":4522,"minecraft:sleep_in_bed":3,"minecraft:climb_one_cm":96,"minecraft:time_since_rest":2123,"minecraft:sprint_one_cm":97782,"minecraft:damage_taken":1296,"minecraft:walk_one_cm":372637,"minecraft:drop":7,"minecraft:damage_dealt":1134,"minecraft:talked_to_villager":10,"minecraft:fly_one_cm":22516,"minecraft:open_chest":19,"minecraft:play_time":83378,"tombstone:undead_killed":2,"minecraft:deaths":3,"minecraft:sneak_time":17,"minecraft:walk_under_water_one_cm":23122,"minecraft:jump":878,"minecraft:walk_on_water_one_cm":28638,"minecraft:total_world_time":83378,"minecraft:fall_one_cm":14075},"minecraft:killed_by":{"minecraft:creeper":1},"minecraft:broken":{"primitivestart:bone_pickaxe":1},"minecraft:killed":{"minecraft:pig":2,"minecraft:zombie":2,"minecraft:cow":4},"minecraft:used":{"minecraft:wheat_seeds":10,"primitivestart:bone_pickaxe":83,"minecraft:stone_pickaxe":52,"minecraft:chest":2,"minecraft:crafting_table":3,"minecraft:pumpkin_seeds":7,"minecraft:iron_axe":12,"minecraft:bread":1,"minecraft:cobblestone":19,"minecraft:beef":5,"minecraft:furnace":1,"minecraft:porkchop":1,"minecraft:cooked_porkchop":4,"minecraft:potato":2,"minecraft:pumpkin":1},"minecraft:picked_up":{"minecraft:crafting_table":1,"byg:soapstone":1,"minecraft:clay_ball":4,"spartanweaponry:iron_battleaxe":1,"minecraft:leather":5,"minecraft:brown_mushroom":13,"minecraft:red_mushroom":11,"minecraft:potato":1,"botania:green_double_flower":1,"minecraft:oak_log":9,"minecraft:string":1,"minecraft:dirt":13,"minecraft:iron_axe":3,"minecraft:bone":3,"minecraft:wheat_seeds":22,"botania:purple_mystical_flower":1,"minecraft:stone_pickaxe":1,"minecraft:beef":5,"dynamictrees:oak_seed":4,"minecraft:furnace":2,"minecraft:stick":30,"minecraft:pumpkin":6,"minecraft:bowl":1,"iceandfire:silver_ore":1,"minecraft:gravel":4,"minecraft:porkchop":5,"minecraft:spruce_log":10,"minecraft:rotten_flesh":4,"minecraft:bread":1,"botania:green_mystical_flower":3,"minecraft:coal":25,"botania:brown_mystical_flower":2,"minecraft:cobblestone":35},"minecraft:dropped":{"minecraft:mushroom_stew":4,"minecraft:iron_axe":2,"minecraft:stone_pickaxe":1},"minecraft:crafted":{"minecraft:oak_planks":36,"minecraft:cooked_porkchop":4,"minecraft:crafting_table":2,"minecraft:bowl":12,"minecraft:mushroom_stew":6,"minecraft:pumpkin_seeds":16,"primitivestart:bone_pickaxe":1,"minecraft:stone_pickaxe":4,"minecraft:chest":2}},"DataVersion":3120}