{"stats":{"minecraft:killed":{"alexsmobs:lobster":1,"minecraft:vindicator":2,"minecraft:skeleton":18,"minecraft:magma_cube":10,"minecraft:pig":2,"zombie_extreme:boomer":1,"zombie_extreme:infected_hazmat":1,"raxiores:ladro_stocker":1,"minecraft:zombie":2,"zombie_extreme:fetus":1,"minecraft:cow":4},"minecraft:crafted":{"minecraft:oak_planks":36,"minecraft:furnace":1,"minecraft:mushroom_stew":12,"minecraft:stone_pickaxe":4,"minecraft:chest":2,"minecraft:smoker":1,"minecraft:cooked_cod":1,"minecraft:cooked_porkchop":4,"minecraft:crafting_table":8,"minecraft:spruce_planks":24,"minecraft:baked_potato":118,"minecraft:bowl":12,"minecraft:cooked_salmon":2,"minecraft:pumpkin_seeds":16,"minecraft:bread":8,"minecraft:air":0,"primitivestart:bone_pickaxe":1,"minecraft:stone_sword":6},"minecraft:mined":{"minecraft:dark_oak_planks":1,"minecraft:spruce_planks":27,"iceandfire:silver_ore":1,"biomesoplenty:desert_grass":3,"minecraft:sea_lantern":1,"minecraft:grass_block":9,"sophisticatedbackpacks:iron_backpack":1,"minecraft:brown_mushroom_block":24,"dtbyg:dark_oak_twiglet_leaves":1,"minecraft:red_mushroom":11,"minecraft:tall_seagrass":1,"byg:crocus":1,"botania:purple_mystical_flower":1,"dynamictrees:oak_undergrowth_leaves":1,"biomesoplenty:toadstool":1,"minecraft:pumpkin":6,"minecraft:gold_block":1,"minecraft:dark_oak_stairs":1,"minecraft:potatoes":2,"minecraft:vine":1,"minecraft:dirt_path":3,"minecraft:packed_ice":5,"botania:brown_mystical_flower":2,"minecraft:stone":110,"minecraft:spruce_slab":13,"minecraft:tripwire":3,"botania:green_mystical_flower":3,"byg:white_sand":8,"minecraft:brown_mushroom":7,"minecraft:glass_pane":2,"minecraft:smoker":1,"minecraft:dandelion":1,"minecraft:powder_snow":46,"minecraft:crafting_table":1,"minecraft:clay":1,"iceandfire:dragon_ice_spikes":23,"botania:green_double_flower":1,"minecraft:tall_grass":122,"minecraft:cobblestone":5,"botania:blue_mystical_flower":1,"minecraft:sugar_cane":1,"byg:lush_grass_block":8,"minecraft:spruce_stairs":4,"minecraft:purple_bed":8,"byg:soapstone":1,"minecraft:coarse_dirt":1,"byg:lush_dirt":4,"minecraft:stripped_spruce_wood":51,"minecraft:cobblestone_wall":1,"minecraft:wheat":2,"minecraft:ice":2,"minecraft:grass":221,"minecraft:coal_ore":31,"minecraft:gravel":135,"minecraft:sand":2,"minecraft:dirt":10,"minecraft:red_mushroom_block":1,"minecraft:mossy_stone_bricks":4},"minecraft:dropped":{"minecraft:mushroom_stew":4,"minecraft:stick":4,"minecraft:cooked_salmon":5,"minecraft:iron_axe":2,"minecraft:iron_pickaxe":1,"minecraft:fishing_rod":1,"dynamictrees:oak_seed":5,"minecraft:spruce_planks":1,"minecraft:mossy_stone_bricks":3,"minecraft:stone_pickaxe":1},"minecraft:killed_by":{"minecraft:player":1,"minecraft:creeper":1,"iceandfire:gorgon":1,"iceandfire:ice_dragon":4},"minecraft:picked_up":{"minecraft:crafting_table":2,"minecraft:coarse_dirt":1,"minecraft:wheat":1,"byg:soapstone":1,"byg:alpine_bellflower":1,"byg:lush_dirt":12,"minecraft:clay_ball":4,"dynamictrees:spruce_seed":2,"minecraft:brown_mushroom":13,"minecraft:gold_block":1,"minecraft:shield":1,"byg:white_sand":7,"byg:crocus":1,"minecraft:string":3,"minecraft:iron_axe":4,"minecraft:cooked_salmon":14,"minecraft:iron_leggings":1,"minecraft:spruce_planks":33,"minecraft:beef":5,"minecraft:spruce_slab":15,"dynamictrees:oak_seed":4,"minecraft:iron_pickaxe":2,"minecraft:sugar_cane":1,"minecraft:egg":1,"minecraft:iron_boots":1,"minecraft:furnace":3,"minecraft:stick":40,"iceandfire:dragonbone":3,"minecraft:torch":27,"minecraft:bowl":1,"minecraft:spruce_stairs":5,"iceandfire:silver_ore":1,"minecraft:porkchop":11,"tombstone:grave_dust":4,"minecraft:prismarine_crystals":2,"minecraft:arrow":8,"minecraft:rotten_flesh":7,"botania:blue_mystical_flower":1,"botania:green_mystical_flower":3,"minecraft:cod":1,"minecraft:cobblestone":113,"minecraft:water_bucket":1,"minecraft:salmon":1,"spartanweaponry:iron_battleaxe":1,"minecraft:leather":5,"minecraft:smoker":1,"minecraft:red_mushroom":11,"minecraft:potato":6,"minecraft:flint":13,"minecraft:oak_log":9,"botania:green_double_flower":1,"minecraft:stripped_spruce_wood":51,"minecraft:dirt":21,"minecraft:bone":9,"minecraft:wheat_seeds":32,"botania:purple_mystical_flower":1,"minecraft:stone_pickaxe":1,"minecraft:mossy_stone_bricks":4,"minecraft:dark_oak_stairs":1,"biomesoplenty:toadstool":1,"alexsmobs:fish_bones":1,"minecraft:pumpkin":6,"minecraft:gravel":127,"minecraft:sand":2,"sophisticatedbackpacks:iron_backpack":1,"minecraft:ink_sac":1,"minecraft:spruce_log":16,"minecraft:spruce_door":1,"minecraft:purple_bed":9,"minecraft:emerald":1,"minecraft:bread":1,"minecraft:baked_potato":19,"botania:brown_mystical_flower":2,"minecraft:coal":30},"minecraft:custom":{"minecraft:interact_with_smithing_table":1,"minecraft:mob_kills":32,"minecraft:interact_with_crafting_table":26,"minecraft:leave_game":7,"minecraft:time_since_death":24516,"minecraft:climb_one_cm":9725,"minecraft:sprint_one_cm":326993,"minecraft:walk_one_cm":1210971,"minecraft:drop":18,"minecraft:talked_to_villager":13,"minecraft:play_time":307924,"minecraft:sneak_time":1456,"minecraft:deaths":12,"minecraft:walk_under_water_one_cm":114868,"minecraft:boat_one_cm":247134,"minecraft:jump":3246,"minecraft:interact_with_blast_furnace":2,"minecraft:walk_on_water_one_cm":171247,"minecraft:total_world_time":307924,"minecraft:interact_with_furnace":11,"tombstone:raider_killed":2,"minecraft:sleep_in_bed":16,"minecraft:time_since_rest":10937,"minecraft:waystone_activated":1,"minecraft:damage_taken":2147483647,"minecraft:damage_dealt":7913,"minecraft:swim_one_cm":15266,"minecraft:fly_one_cm":90514,"minecraft:open_chest":46,"minecraft:crouch_one_cm":3777,"tombstone:undead_killed":20,"minecraft:interact_with_smoker":6,"minecraft:fish_caught":2,"minecraft:fall_one_cm":55972,"minecraft:inspect_dispenser":1},"minecraft:used":{"minecraft:stone_sword":114,"minecraft:spruce_slab":2,"minecraft:chest":2,"minecraft:spruce_planks":18,"minecraft:iron_sword":143,"minecraft:cooked_salmon":8,"minecraft:spruce_stairs":1,"minecraft:iron_axe":216,"minecraft:beef":5,"minecraft:furnace":3,"minecraft:cooked_cod":1,"minecraft:potato":6,"minecraft:pumpkin":1,"minecraft:wheat_seeds":10,"minecraft:water_bucket":1,"minecraft:mossy_stone_bricks":1,"minecraft:spruce_door":1,"primitivestart:bone_pickaxe":83,"minecraft:baked_potato":23,"minecraft:stone_pickaxe":301,"minecraft:sand":2,"minecraft:crafting_table":6,"minecraft:mushroom_stew":6,"spartanweaponry:iron_flanged_mace":63,"minecraft:smoker":2,"minecraft:pumpkin_seeds":7,"minecraft:iron_pickaxe":202,"minecraft:bread":3,"minecraft:gravel":122,"minecraft:fishing_rod":9,"minecraft:cobblestone":68,"minecraft:potion":2,"minecraft:purple_bed":9,"minecraft:porkchop":1,"minecraft:cooked_porkchop":4},"minecraft:broken":{"spartanweaponry:iron_flanged_mace":1,"minecraft:stone_pickaxe":4,"minecraft:iron_axe":1,"primitivestart:bone_pickaxe":1}},"DataVersion":3120}