{"stats":{"minecraft:killed_by":{"minecraft:pillager":1},"minecraft:picked_up":{"minecraft:bone":1,"minecraft:rotten_flesh":6,"minecraft:gunpowder":1,"minecraft:spider_eye":1,"minecraft:white_banner":1},"minecraft:custom":{"minecraft:open_barrel":6,"minecraft:time_since_rest":25552,"minecraft:open_chest":6,"minecraft:crouch_one_cm":18,"minecraft:walk_one_cm":32987,"minecraft:play_time":27764,"minecraft:sprint_one_cm":7055,"minecraft:damage_taken":495,"minecraft:deaths":1,"minecraft:sneak_time":310,"minecraft:walk_under_water_one_cm":2454,"minecraft:jump":93,"minecraft:time_since_death":25500,"minecraft:walk_on_water_one_cm":8548,"minecraft:total_world_time":27764,"minecraft:climb_one_cm":724,"minecraft:fall_one_cm":1225,"minecraft:talked_to_villager":1,"minecraft:fly_one_cm":8181},"minecraft:used":{"minecraft:salmon":3,"minecraft:water_bucket":5,"minecraft:bucket":4,"minecraft:spider_eye":1}},"DataVersion":2975}