{"stats":{"minecraft:mined":{"botania:green_double_flower":1,"botania:green_mystical_flower":3,"minecraft:grass":211,"botania:purple_mystical_flower":1,"minecraft:gravel":4,"minecraft:tall_grass":95,"botania:brown_mystical_flower":2,"minecraft:dandelion":1},"minecraft:custom":{"minecraft:time_since_rest":11865,"minecraft:play_time":11865,"minecraft:sprint_one_cm":12519,"minecraft:damage_taken":245,"minecraft:walk_one_cm":71641,"minecraft:walk_under_water_one_cm":3579,"minecraft:mob_kills":5,"minecraft:jump":113,"minecraft:damage_dealt":645,"minecraft:walk_on_water_one_cm":12499,"minecraft:time_since_death":11865,"minecraft:total_world_time":11865,"minecraft:interact_with_crafting_table":1,"minecraft:fall_one_cm":1443,"minecraft:fly_one_cm":2491},"minecraft:killed":{"minecraft:pig":2,"minecraft:cow":4},"minecraft:used":{"minecraft:beef":4},"minecraft:picked_up":{"minecraft:bone":3,"minecraft:leather":5,"minecraft:wheat_seeds":22,"botania:purple_mystical_flower":1,"minecraft:gravel":4,"minecraft:beef":5,"minecraft:porkchop":5,"botania:green_double_flower":1,"botania:green_mystical_flower":3,"botania:brown_mystical_flower":2,"minecraft:string":1}},"DataVersion":3120}