{"stats":{"minecraft:crafted":{"minecraft:oak_planks":36,"minecraft:cooked_porkchop":4,"minecraft:crafting_table":8,"minecraft:spruce_planks":24,"minecraft:bowl":12,"minecraft:mushroom_stew":12,"minecraft:pumpkin_seeds":16,"primitivestart:bone_pickaxe":1,"minecraft:stone_pickaxe":4,"minecraft:stone_sword":6,"minecraft:chest":2},"minecraft:killed":{"minecraft:magma_cube":10,"minecraft:pig":2,"zombie_extreme:infected_hazmat":1,"minecraft:vindicator":2,"minecraft:skeleton":18,"minecraft:zombie":2,"minecraft:cow":4},"minecraft:mined":{"botania:green_mystical_flower":3,"minecraft:brown_mushroom":7,"iceandfire:silver_ore":1,"minecraft:dandelion":1,"minecraft:sea_lantern":1,"minecraft:clay":1,"botania:green_double_flower":1,"minecraft:grass_block":9,"minecraft:brown_mushroom_block":24,"minecraft:tall_grass":95,"minecraft:cobblestone":4,"minecraft:red_mushroom":11,"minecraft:purple_bed":2,"byg:soapstone":1,"botania:purple_mystical_flower":1,"minecraft:wheat":1,"minecraft:pumpkin":6,"minecraft:dark_oak_stairs":1,"minecraft:grass":213,"minecraft:potatoes":1,"minecraft:coal_ore":29,"minecraft:dirt_path":1,"minecraft:gravel":4,"minecraft:dirt":9,"minecraft:packed_ice":3,"botania:brown_mystical_flower":2,"minecraft:red_mushroom_block":1,"minecraft:stone":45,"minecraft:mossy_stone_bricks":2,"minecraft:spruce_slab":1,"minecraft:tripwire":3},"minecraft:dropped":{"minecraft:mushroom_stew":4,"minecraft:iron_axe":2,"minecraft:stone_pickaxe":1},"minecraft:killed_by":{"minecraft:creeper":1},"minecraft:custom":{"minecraft:interact_with_furnace":5,"minecraft:mob_kills":29,"tombstone:raider_killed":2,"minecraft:interact_with_crafting_table":22,"minecraft:leave_game":3,"minecraft:time_since_death":78632,"minecraft:sleep_in_bed":6,"minecraft:climb_one_cm":8665,"minecraft:time_since_rest":28007,"minecraft:sprint_one_cm":130036,"minecraft:damage_taken":2417,"minecraft:walk_one_cm":532407,"minecraft:drop":7,"minecraft:damage_dealt":6538,"minecraft:swim_one_cm":1841,"minecraft:talked_to_villager":10,"minecraft:fly_one_cm":30513,"minecraft:open_chest":32,"minecraft:crouch_one_cm":3531,"minecraft:play_time":157488,"tombstone:undead_killed":20,"minecraft:deaths":3,"minecraft:sneak_time":1059,"minecraft:walk_under_water_one_cm":74357,"minecraft:boat_one_cm":247134,"minecraft:jump":1249,"minecraft:walk_on_water_one_cm":99620,"minecraft:total_world_time":157488,"minecraft:fall_one_cm":21093,"minecraft:inspect_dispenser":1},"minecraft:picked_up":{"minecraft:wheat":1,"minecraft:crafting_table":1,"byg:soapstone":1,"minecraft:clay_ball":4,"spartanweaponry:iron_battleaxe":1,"minecraft:leather":5,"minecraft:brown_mushroom":13,"dynamictrees:spruce_seed":2,"minecraft:red_mushroom":11,"minecraft:potato":5,"botania:green_double_flower":1,"minecraft:oak_log":9,"minecraft:shield":1,"minecraft:dirt":19,"minecraft:string":3,"minecraft:iron_axe":3,"minecraft:iron_leggings":1,"minecraft:bone":8,"minecraft:wheat_seeds":25,"botania:purple_mystical_flower":1,"minecraft:stone_pickaxe":1,"minecraft:beef":5,"minecraft:mossy_stone_bricks":2,"minecraft:iron_pickaxe":1,"dynamictrees:oak_seed":4,"minecraft:spruce_slab":1,"minecraft:dark_oak_stairs":1,"minecraft:iron_boots":1,"minecraft:furnace":3,"minecraft:stick":39,"alexsmobs:fish_bones":1,"minecraft:pumpkin":6,"minecraft:torch":27,"minecraft:bowl":1,"iceandfire:silver_ore":1,"minecraft:gravel":4,"minecraft:porkchop":5,"tombstone:grave_dust":4,"minecraft:spruce_log":16,"minecraft:prismarine_crystals":2,"minecraft:purple_bed":2,"minecraft:arrow":8,"minecraft:rotten_flesh":5,"minecraft:emerald":1,"minecraft:bread":1,"minecraft:baked_potato":19,"botania:green_mystical_flower":3,"minecraft:coal":28,"botania:brown_mystical_flower":2,"minecraft:cobblestone":47},"minecraft:used":{"minecraft:wheat_seeds":10,"minecraft:stone_sword":114,"primitivestart:bone_pickaxe":83,"minecraft:stone_pickaxe":301,"minecraft:baked_potato":13,"minecraft:chest":2,"minecraft:iron_sword":20,"minecraft:crafting_table":5,"minecraft:mushroom_stew":5,"spartanweaponry:iron_flanged_mace":63,"minecraft:pumpkin_seeds":7,"minecraft:iron_axe":121,"minecraft:bread":1,"minecraft:iron_pickaxe":3,"minecraft:cobblestone":19,"minecraft:beef":5,"minecraft:purple_bed":1,"minecraft:furnace":2,"minecraft:porkchop":1,"minecraft:cooked_porkchop":4,"minecraft:potato":6,"minecraft:pumpkin":1},"minecraft:broken":{"minecraft:stone_pickaxe":4,"spartanweaponry:iron_flanged_mace":1,"minecraft:iron_axe":1,"primitivestart:bone_pickaxe":1}},"DataVersion":3120}