{"stats":{"minecraft:killed_by":{"minecraft:pillager":1},"minecraft:picked_up":{"minecraft:bone":1,"minecraft:gunpowder":1,"minecraft:rotten_flesh":6,"minecraft:spider_eye":1,"minecraft:white_banner":1},"minecraft:custom":{"minecraft:jump":77,"minecraft:open_chest":3,"minecraft:time_since_rest":13552,"minecraft:climb_one_cm":718,"minecraft:walk_on_water_one_cm":4340,"minecraft:deaths":1,"minecraft:sprint_one_cm":7055,"minecraft:play_time":15764,"minecraft:damage_taken":455,"minecraft:time_since_death":13500,"minecraft:walk_one_cm":22789,"minecraft:total_world_time":15764,"minecraft:walk_under_water_one_cm":2058,"minecraft:fall_one_cm":747,"minecraft:fly_one_cm":8181,"minecraft:open_barrel":6}},"DataVersion":2975}