{"stats":{"minecraft:killed_by":{"minecraft:zombie":1,"minecraft:pillager":1},"minecraft:picked_up":{"minecraft:bone":1,"minecraft:rotten_flesh":6,"minecraft:gunpowder":1,"minecraft:spruce_door":1,"minecraft:spider_eye":1,"minecraft:white_banner":1},"minecraft:custom":{"minecraft:open_barrel":6,"minecraft:time_since_rest":10178,"minecraft:open_chest":6,"minecraft:crouch_one_cm":18,"minecraft:walk_one_cm":32988,"minecraft:play_time":39493,"minecraft:sprint_one_cm":7055,"minecraft:damage_taken":605,"minecraft:deaths":2,"minecraft:sneak_time":310,"minecraft:walk_under_water_one_cm":2454,"minecraft:jump":94,"minecraft:leave_game":1,"minecraft:time_since_death":0,"minecraft:walk_on_water_one_cm":23952,"minecraft:total_world_time":39493,"minecraft:climb_one_cm":724,"minecraft:fall_one_cm":1225,"minecraft:talked_to_villager":1,"minecraft:fly_one_cm":8181},"minecraft:used":{"minecraft:salmon":3,"minecraft:water_bucket":5,"minecraft:bucket":4,"minecraft:spider_eye":1}},"DataVersion":2975}