{"stats":{"minecraft:killed":{"alexsmobs:lobster":1,"minecraft:magma_cube":10,"minecraft:pig":2,"zombie_extreme:infected_hazmat":1,"minecraft:vindicator":2,"raxiores:ladro_stocker":1,"minecraft:skeleton":18,"minecraft:zombie":2,"minecraft:cow":4},"minecraft:crafted":{"minecraft:cooked_cod":1,"minecraft:oak_planks":36,"minecraft:cooked_porkchop":4,"minecraft:crafting_table":8,"minecraft:spruce_planks":24,"minecraft:bowl":12,"minecraft:cooked_salmon":1,"minecraft:mushroom_stew":12,"minecraft:pumpkin_seeds":16,"minecraft:bread":8,"primitivestart:bone_pickaxe":1,"minecraft:stone_pickaxe":4,"minecraft:stone_sword":6,"minecraft:chest":2},"minecraft:mined":{"minecraft:dark_oak_planks":1,"botania:green_mystical_flower":3,"minecraft:brown_mushroom":7,"iceandfire:silver_ore":1,"minecraft:dandelion":1,"minecraft:sea_lantern":1,"minecraft:clay":1,"botania:green_double_flower":1,"minecraft:grass_block":9,"sophisticatedbackpacks:iron_backpack":1,"minecraft:brown_mushroom_block":24,"minecraft:tall_grass":95,"minecraft:cobblestone":4,"minecraft:sugar_cane":1,"minecraft:red_mushroom":11,"minecraft:purple_bed":3,"byg:soapstone":1,"botania:purple_mystical_flower":1,"biomesoplenty:toadstool":1,"minecraft:wheat":1,"minecraft:pumpkin":6,"minecraft:gold_block":1,"minecraft:dark_oak_stairs":1,"minecraft:grass":213,"minecraft:potatoes":1,"minecraft:coal_ore":29,"minecraft:dirt_path":1,"minecraft:gravel":4,"minecraft:dirt":9,"minecraft:packed_ice":3,"botania:brown_mystical_flower":2,"minecraft:stone":45,"minecraft:red_mushroom_block":1,"minecraft:mossy_stone_bricks":3,"minecraft:tripwire":3,"minecraft:spruce_slab":1},"minecraft:dropped":{"dynamictrees:oak_seed":5,"minecraft:mushroom_stew":4,"minecraft:iron_axe":2,"minecraft:stone_pickaxe":1,"minecraft:fishing_rod":1},"minecraft:killed_by":{"minecraft:creeper":1},"minecraft:picked_up":{"minecraft:crafting_table":1,"byg:soapstone":1,"minecraft:wheat":1,"minecraft:water_bucket":1,"minecraft:clay_ball":4,"minecraft:salmon":1,"spartanweaponry:iron_battleaxe":1,"minecraft:leather":5,"minecraft:brown_mushroom":13,"dynamictrees:spruce_seed":2,"minecraft:red_mushroom":11,"minecraft:potato":5,"minecraft:gold_block":1,"botania:green_double_flower":1,"minecraft:oak_log":9,"minecraft:shield":1,"minecraft:string":3,"minecraft:dirt":19,"minecraft:iron_axe":3,"minecraft:cooked_salmon":12,"minecraft:iron_leggings":1,"minecraft:bone":9,"minecraft:wheat_seeds":25,"botania:purple_mystical_flower":1,"minecraft:beef":5,"minecraft:stone_pickaxe":1,"minecraft:mossy_stone_bricks":3,"dynamictrees:oak_seed":4,"minecraft:iron_pickaxe":1,"minecraft:spruce_slab":1,"minecraft:sugar_cane":1,"minecraft:dark_oak_stairs":1,"minecraft:iron_boots":1,"minecraft:furnace":3,"biomesoplenty:toadstool":1,"minecraft:stick":39,"minecraft:pumpkin":6,"alexsmobs:fish_bones":1,"minecraft:torch":27,"minecraft:bowl":1,"iceandfire:silver_ore":1,"minecraft:gravel":4,"minecraft:porkchop":5,"sophisticatedbackpacks:iron_backpack":1,"tombstone:grave_dust":4,"minecraft:spruce_log":16,"minecraft:prismarine_crystals":2,"minecraft:arrow":8,"minecraft:rotten_flesh":5,"minecraft:purple_bed":3,"minecraft:cod":1,"minecraft:emerald":1,"minecraft:bread":1,"minecraft:baked_potato":19,"botania:green_mystical_flower":3,"botania:brown_mystical_flower":2,"minecraft:coal":28,"minecraft:cobblestone":47},"minecraft:custom":{"minecraft:interact_with_furnace":9,"minecraft:mob_kills":31,"tombstone:raider_killed":2,"minecraft:interact_with_crafting_table":23,"minecraft:leave_game":4,"minecraft:time_since_death":98576,"minecraft:climb_one_cm":8665,"minecraft:sleep_in_bed":6,"minecraft:time_since_rest":47951,"minecraft:sprint_one_cm":137990,"minecraft:damage_taken":2511,"minecraft:walk_one_cm":616016,"minecraft:drop":9,"minecraft:damage_dealt":6688,"minecraft:swim_one_cm":7739,"minecraft:talked_to_villager":10,"minecraft:fly_one_cm":32358,"minecraft:open_chest":33,"minecraft:crouch_one_cm":3609,"minecraft:play_time":177432,"minecraft:sneak_time":1068,"tombstone:undead_killed":20,"minecraft:deaths":3,"minecraft:walk_under_water_one_cm":82769,"minecraft:boat_one_cm":247134,"minecraft:jump":1459,"minecraft:walk_on_water_one_cm":122561,"minecraft:fish_caught":2,"minecraft:total_world_time":177432,"minecraft:fall_one_cm":22581,"minecraft:inspect_dispenser":1},"minecraft:used":{"minecraft:wheat_seeds":10,"minecraft:water_bucket":1,"minecraft:stone_sword":114,"primitivestart:bone_pickaxe":83,"minecraft:stone_pickaxe":301,"minecraft:baked_potato":13,"minecraft:chest":2,"minecraft:iron_sword":24,"minecraft:crafting_table":5,"minecraft:mushroom_stew":6,"spartanweaponry:iron_flanged_mace":63,"minecraft:pumpkin_seeds":7,"minecraft:iron_axe":121,"minecraft:bread":2,"minecraft:iron_pickaxe":6,"minecraft:fishing_rod":9,"minecraft:cobblestone":19,"minecraft:beef":5,"minecraft:purple_bed":2,"minecraft:furnace":3,"minecraft:porkchop":1,"minecraft:cooked_porkchop":4,"minecraft:potato":6,"minecraft:pumpkin":1},"minecraft:broken":{"minecraft:stone_pickaxe":4,"spartanweaponry:iron_flanged_mace":1,"minecraft:iron_axe":1,"primitivestart:bone_pickaxe":1}},"DataVersion":3120}