{"stats":{"minecraft:mined":{"minecraft:powder_snow":16,"minecraft:fern":1,"botania:gray_mystical_flower":1},"minecraft:custom":{"minecraft:jump":68,"minecraft:time_since_rest":2288,"minecraft:deaths":1,"minecraft:sprint_one_cm":7303,"minecraft:play_time":5534,"minecraft:damage_taken":250,"minecraft:time_since_death":2947,"minecraft:walk_one_cm":26238,"minecraft:total_world_time":5534,"minecraft:fall_one_cm":209,"minecraft:fly_one_cm":2173},"minecraft:picked_up":{"botania:gray_mystical_flower":1}},"DataVersion":3120}