{"stats":{"minecraft:mined":{"botania:green_mystical_flower":3,"botania:purple_mystical_flower":1,"minecraft:dandelion":1,"minecraft:pumpkin":5,"minecraft:clay":1,"botania:green_double_flower":1,"minecraft:grass":211,"minecraft:grass_block":4,"minecraft:coal_ore":25,"minecraft:dirt_path":1,"minecraft:gravel":4,"minecraft:dirt":6,"minecraft:packed_ice":3,"minecraft:tall_grass":95,"minecraft:cobblestone":4,"botania:brown_mystical_flower":2,"minecraft:stone":19},"minecraft:custom":{"minecraft:time_since_rest":15913,"minecraft:interact_with_furnace":3,"minecraft:sprint_one_cm":61132,"minecraft:damage_taken":589,"minecraft:walk_one_cm":231236,"minecraft:mob_kills":7,"minecraft:drop":2,"minecraft:damage_dealt":930,"minecraft:interact_with_crafting_table":4,"minecraft:talked_to_villager":5,"minecraft:fly_one_cm":17084,"minecraft:open_chest":1,"minecraft:play_time":47865,"tombstone:undead_killed":2,"minecraft:deaths":1,"minecraft:walk_under_water_one_cm":4445,"minecraft:jump":582,"minecraft:time_since_death":31871,"minecraft:walk_on_water_one_cm":14843,"minecraft:sleep_in_bed":1,"minecraft:total_world_time":47865,"minecraft:fall_one_cm":7167},"minecraft:killed":{"minecraft:zombie":2,"minecraft:pig":2,"minecraft:cow":4},"minecraft:used":{"primitivestart:bone_pickaxe":75,"minecraft:iron_axe":12,"minecraft:cobblestone":9,"minecraft:beef":5,"minecraft:crafting_table":1,"minecraft:cooked_porkchop":1,"minecraft:porkchop":1,"minecraft:pumpkin":1},"minecraft:picked_up":{"minecraft:stick":30,"minecraft:clay_ball":4,"minecraft:pumpkin":5,"spartanweaponry:iron_battleaxe":1,"minecraft:leather":5,"minecraft:potato":1,"minecraft:gravel":4,"minecraft:porkchop":5,"botania:green_double_flower":1,"minecraft:oak_log":9,"minecraft:spruce_log":10,"minecraft:dirt":9,"minecraft:string":1,"minecraft:iron_axe":3,"minecraft:bone":3,"minecraft:rotten_flesh":4,"minecraft:wheat_seeds":22,"botania:purple_mystical_flower":1,"minecraft:beef":5,"dynamictrees:oak_seed":4,"minecraft:coal":25,"botania:green_mystical_flower":3,"botania:brown_mystical_flower":2,"minecraft:cobblestone":23},"minecraft:dropped":{"minecraft:iron_axe":2},"minecraft:crafted":{"minecraft:oak_planks":4,"primitivestart:bone_pickaxe":1,"minecraft:cooked_porkchop":4,"minecraft:crafting_table":1,"minecraft:pumpkin_seeds":16}},"DataVersion":3120}