{"stats":{"minecraft:killed":{"minecraft:pig":2,"minecraft:skeleton":1,"minecraft:zombie":2,"minecraft:cow":4},"minecraft:crafted":{"minecraft:oak_planks":36,"minecraft:cooked_porkchop":4,"minecraft:crafting_table":2,"minecraft:bowl":12,"minecraft:mushroom_stew":12,"minecraft:pumpkin_seeds":16,"primitivestart:bone_pickaxe":1,"minecraft:stone_pickaxe":4,"minecraft:chest":2},"minecraft:mined":{"botania:green_mystical_flower":3,"minecraft:brown_mushroom":7,"iceandfire:silver_ore":1,"minecraft:dandelion":1,"minecraft:clay":1,"botania:green_double_flower":1,"minecraft:grass_block":9,"minecraft:brown_mushroom_block":24,"minecraft:tall_grass":95,"minecraft:cobblestone":4,"minecraft:red_mushroom":11,"byg:soapstone":1,"botania:purple_mystical_flower":1,"minecraft:wheat":1,"minecraft:pumpkin":6,"minecraft:grass":213,"minecraft:potatoes":1,"minecraft:coal_ore":29,"minecraft:dirt_path":1,"minecraft:gravel":4,"minecraft:dirt":9,"minecraft:packed_ice":3,"botania:brown_mystical_flower":2,"minecraft:red_mushroom_block":1,"minecraft:stone":45},"minecraft:dropped":{"minecraft:mushroom_stew":4,"minecraft:iron_axe":2,"minecraft:stone_pickaxe":1},"minecraft:killed_by":{"minecraft:creeper":1},"minecraft:custom":{"minecraft:interact_with_furnace":5,"minecraft:mob_kills":8,"minecraft:interact_with_crafting_table":19,"minecraft:leave_game":3,"minecraft:time_since_death":30632,"minecraft:sleep_in_bed":4,"minecraft:climb_one_cm":7465,"minecraft:time_since_rest":16123,"minecraft:sprint_one_cm":122576,"minecraft:damage_taken":1692,"minecraft:walk_one_cm":460626,"minecraft:drop":7,"minecraft:damage_dealt":1466,"minecraft:talked_to_villager":10,"minecraft:fly_one_cm":28967,"minecraft:open_chest":25,"minecraft:crouch_one_cm":1320,"minecraft:play_time":109488,"tombstone:undead_killed":3,"minecraft:deaths":3,"minecraft:sneak_time":472,"minecraft:walk_under_water_one_cm":41501,"minecraft:jump":1112,"minecraft:walk_on_water_one_cm":52407,"minecraft:total_world_time":109488,"minecraft:fall_one_cm":18924},"minecraft:picked_up":{"minecraft:wheat":1,"minecraft:crafting_table":1,"byg:soapstone":1,"minecraft:clay_ball":4,"spartanweaponry:iron_battleaxe":1,"minecraft:leather":5,"minecraft:brown_mushroom":13,"dynamictrees:spruce_seed":2,"minecraft:red_mushroom":11,"minecraft:potato":5,"botania:green_double_flower":1,"minecraft:oak_log":9,"minecraft:shield":1,"minecraft:dirt":19,"minecraft:string":1,"minecraft:iron_axe":3,"minecraft:bone":3,"minecraft:wheat_seeds":25,"botania:purple_mystical_flower":1,"minecraft:stone_pickaxe":1,"minecraft:beef":5,"dynamictrees:oak_seed":4,"minecraft:iron_boots":1,"minecraft:furnace":2,"minecraft:stick":39,"minecraft:pumpkin":6,"minecraft:bowl":1,"iceandfire:silver_ore":1,"minecraft:gravel":4,"minecraft:porkchop":5,"tombstone:grave_dust":2,"minecraft:spruce_log":16,"minecraft:rotten_flesh":4,"minecraft:bread":1,"minecraft:baked_potato":19,"botania:green_mystical_flower":3,"minecraft:coal":28,"botania:brown_mystical_flower":2,"minecraft:cobblestone":47},"minecraft:used":{"minecraft:wheat_seeds":10,"primitivestart:bone_pickaxe":83,"minecraft:stone_pickaxe":78,"minecraft:baked_potato":3,"minecraft:chest":2,"minecraft:crafting_table":4,"minecraft:mushroom_stew":2,"minecraft:pumpkin_seeds":7,"minecraft:iron_axe":32,"minecraft:bread":1,"minecraft:cobblestone":19,"minecraft:beef":5,"minecraft:furnace":2,"minecraft:porkchop":1,"minecraft:cooked_porkchop":4,"minecraft:potato":6,"minecraft:pumpkin":1},"minecraft:broken":{"primitivestart:bone_pickaxe":1}},"DataVersion":3120}