{"stats":{"minecraft:mined":{"botania:green_mystical_flower":3,"botania:purple_mystical_flower":1,"minecraft:dandelion":1,"minecraft:pumpkin":3,"botania:green_double_flower":1,"minecraft:grass":211,"minecraft:gravel":4,"minecraft:tall_grass":95,"botania:brown_mystical_flower":2},"minecraft:custom":{"minecraft:time_since_rest":5472,"minecraft:sprint_one_cm":47411,"minecraft:damage_taken":425,"minecraft:walk_one_cm":153882,"minecraft:mob_kills":5,"minecraft:drop":2,"minecraft:damage_dealt":645,"minecraft:interact_with_crafting_table":1,"minecraft:talked_to_villager":4,"minecraft:fly_one_cm":13386,"minecraft:play_time":23865,"minecraft:deaths":1,"minecraft:walk_under_water_one_cm":4323,"minecraft:jump":375,"minecraft:time_since_death":7871,"minecraft:walk_on_water_one_cm":14666,"minecraft:total_world_time":23865,"minecraft:fall_one_cm":4241},"minecraft:killed":{"minecraft:pig":2,"minecraft:cow":4},"minecraft:used":{"minecraft:iron_axe":2,"minecraft:beef":5,"minecraft:porkchop":1,"minecraft:pumpkin":1},"minecraft:picked_up":{"minecraft:stick":18,"minecraft:pumpkin":3,"minecraft:leather":5,"minecraft:gravel":4,"minecraft:porkchop":5,"botania:green_double_flower":1,"minecraft:oak_log":9,"minecraft:string":1,"minecraft:iron_axe":3,"minecraft:bone":3,"minecraft:wheat_seeds":22,"botania:purple_mystical_flower":1,"minecraft:beef":5,"dynamictrees:oak_seed":4,"botania:green_mystical_flower":3,"botania:brown_mystical_flower":2},"minecraft:dropped":{"minecraft:iron_axe":2}},"DataVersion":3120}