{"stats":{"minecraft:crafted":{"minecraft:air":49},"minecraft:used":{"minecraft:water_bucket":1,"cgm:machine_pistol":9,"minecraft:spruce_door":1,"minecraft:glass_bottle":43,"minecraft:zombie_villager_spawn_egg":3,"minecraft:baked_potato":29,"minecraft:chest":1,"minecraft:spruce_planks":1,"minecraft:iron_sword":300,"minecraft:zombie_spawn_egg":3,"alexsmobs:spawn_egg_straddler":2,"minecraft:anvil":2,"cgm:workbench":2,"minecraft:crafting_table":1,"minecraft:birch_sign":2,"minecraft:campfire":1,"cgm:bazooka":12,"cgm:rifle":202,"minecraft:dark_oak_planks":48,"cgm:shotgun":8,"minecraft:lantern":2,"cold_sweat:sewing_table":1,"minecraft:bread":10,"cgm:grenade":8,"cold_sweat:thermolith":2,"cold_sweat:boiler":1,"cgm:assault_rifle":336,"guardvillagers:snow_golem_spawn_egg":1,"minecraft:barrel":2,"minecraft:bow":2,"guardvillagers:iron_golem_spawn_egg":3,"minecraft:potion":28,"minecraft:scaffolding":1,"minecraft:sweet_berries":17,"minecraft:husk_spawn_egg":4,"cgm:heavy_rifle":43},"minecraft:killed":{"minecraft:witch":4,"minecraft:zombie_villager":2,"minecraft:wandering_trader":1,"alexsmobs:seagull":1,"minecraft:trader_llama":2,"minecraft:pillager":67,"minecraft:zombie":123,"minecraft:chicken":1,"alexsmobs:straddler":2,"minecraft:drowned":18,"minecraft:villager":1},"minecraft:mined":{"minecraft:dark_oak_planks":4,"minecraft:spruce_planks":1,"minecraft:scaffolding":1,"minecraft:spruce_trapdoor":1,"minecraft:dead_bush":13,"minecraft:tall_grass":8,"minecraft:large_fern":2,"minecraft:fire":8,"minecraft:blue_ice":1,"minecraft:moss_carpet":1,"dtterralith:acacia_twiglet_leaves":2,"minecraft:grass":10,"minecraft:cobweb":6,"minecraft:fern":2},"minecraft:killed_by":{"minecraft:pillager":7,"minecraft:drowned":1,"guardvillagers:guard":1},"minecraft:custom":{"minecraft:interact_with_anvil":2,"minecraft:mob_kills":225,"minecraft:open_barrel":32,"minecraft:interact_with_crafting_table":7,"minecraft:raid_trigger":1,"minecraft:eat_cake_slice":4,"minecraft:leave_game":4,"minecraft:time_since_death":50288,"minecraft:sleep_in_bed":1,"minecraft:climb_one_cm":5449,"minecraft:time_since_rest":50317,"minecraft:sprint_one_cm":164365,"minecraft:damage_taken":5185,"minecraft:walk_one_cm":275546,"minecraft:drop":13,"minecraft:damage_dealt":12854,"minecraft:damage_dealt_absorbed":40,"minecraft:swim_one_cm":29559,"minecraft:talked_to_villager":3,"minecraft:fly_one_cm":190848,"minecraft:open_chest":32,"minecraft:crouch_one_cm":4022,"minecraft:play_time":143127,"minecraft:deaths":10,"minecraft:sneak_time":2528,"minecraft:walk_under_water_one_cm":12157,"minecraft:jump":979,"minecraft:walk_on_water_one_cm":31226,"minecraft:interact_with_smoker":1,"minecraft:total_world_time":143127,"minecraft:fall_one_cm":31484},"minecraft:dropped":{"cgm:specialised_grip":1,"minecraft:moss_carpet":1,"minecraft:birch_planks":1,"minecraft:crossbow":1,"minecraft:rotten_flesh":2,"minecraft:red_carpet":1,"minecraft:potato":1,"minecraft:gunpowder":2,"cold_sweat:thermolith":1,"minecraft:white_banner":2},"minecraft:picked_up":{"minecraft:fishing_rod":1,"minecraft:iron_chestplate":1,"minecraft:chicken":1,"minecraft:golden_leggings":1,"minecraft:lead":2,"minecraft:potato":2,"minecraft:birch_planks":1,"minecraft:potion":5,"minecraft:gunpowder":21,"minecraft:lantern":1,"minecraft:string":15,"minecraft:moss_carpet":1,"minecraft:white_banner":5,"minecraft:red_carpet":1,"minecraft:bone":30,"minecraft:wheat_seeds":3,"minecraft:spruce_planks":1,"minecraft:iron_ingot":6,"minecraft:poppy":3,"minecraft:coal_block":62,"minecraft:chest":1,"minecraft:spruce_trapdoor":1,"minecraft:scaffolding":1,"minecraft:stick":9,"minecraft:copper_ingot":1,"minecraft:redstone":1,"minecraft:spruce_door":1,"minecraft:spider_eye":5,"minecraft:dark_oak_planks":4,"minecraft:rotten_flesh":137,"minecraft:slime_ball":4,"minecraft:chainmail_leggings":1,"minecraft:iron_helmet":1,"minecraft:crossbow":3,"minecraft:birch_sign":2,"minecraft:bread":3,"minecraft:snowball":15},"minecraft:broken":{"minecraft:leather_helmet":1,"minecraft:chainmail_leggings":1,"minecraft:iron_sword":1}},"DataVersion":2975}