{"stats":{"minecraft:mined":{"minecraft:magma_block":1,"minecraft:spruce_planks":8,"minecraft:powder_snow":5,"minecraft:crafting_table":2,"minecraft:grass":41,"minecraft:coal_ore":1,"minecraft:tall_grass":29},"minecraft:custom":{"minecraft:time_since_rest":7479,"minecraft:sprint_one_cm":74106,"minecraft:damage_taken":660,"minecraft:walk_one_cm":57495,"minecraft:mob_kills":11,"minecraft:drop":1,"minecraft:damage_dealt":2011,"minecraft:talked_to_villager":1,"minecraft:swim_one_cm":20325,"minecraft:interact_with_crafting_table":2,"minecraft:fly_one_cm":80195,"minecraft:open_chest":8,"minecraft:crouch_one_cm":3,"minecraft:play_time":24438,"tombstone:undead_killed":3,"minecraft:deaths":1,"minecraft:sneak_time":336,"minecraft:walk_under_water_one_cm":11593,"minecraft:jump":494,"minecraft:walk_on_water_one_cm":6420,"minecraft:time_since_death":8390,"minecraft:climb_one_cm":180,"minecraft:total_world_time":24438,"minecraft:fall_one_cm":8044},"minecraft:killed_by":{"raxiores:ladro_stocker":1},"minecraft:killed":{"alexsmobs:orca":1,"minecraft:zombie":3,"minecraft:spider":2,"minecraft:cow":4},"minecraft:used":{"minecraft:iron_axe":42,"minecraft:bread":4,"minecraft:iron_pickaxe":2,"minecraft:beef":11,"minecraft:crafting_table":2},"minecraft:picked_up":{"minecraft:magma_block":1,"minecraft:stick":21,"minecraft:crafting_table":2,"iceandfire:dragonbone":10,"minecraft:leather":3,"minecraft:dandelion":1,"minecraft:oak_log":8,"minecraft:spider_eye":1,"minecraft:string":2,"iceandfire:dragon_skull_ice":1,"minecraft:arrow":1,"minecraft:bone":5,"minecraft:rotten_flesh":3,"minecraft:apple":2,"minecraft:wheat_seeds":6,"minecraft:spruce_planks":8,"minecraft:beef":11,"dynamictrees:oak_seed":1,"minecraft:coal":1},"minecraft:dropped":{"minecraft:iron_axe":1},"minecraft:crafted":{"minecraft:iron_axe":2,"minecraft:crafting_table":1,"minecraft:stick":8,"minecraft:iron_pickaxe":1}},"DataVersion":3120}