{"stats":{"minecraft:mined":{"minecraft:spruce_planks":8,"iceandfire:silver_ore":2,"minecraft:powder_snow":5,"minecraft:clay":213,"minecraft:crafting_table":5,"minecraft:torch":5,"minecraft:grass_block":11,"minecraft:mushroom_stem":1,"minecraft:stone_slab":5,"minecraft:tall_grass":29,"minecraft:cobblestone":5,"minecraft:wall_torch":1,"minecraft:magma_block":1,"minecraft:furnace":2,"minecraft:iron_ore":33,"minecraft:wheat":2,"minecraft:pumpkin_stem":7,"minecraft:andesite":3,"minecraft:potatoes":7,"minecraft:grass":41,"minecraft:coal_ore":52,"minecraft:dirt_path":11,"minecraft:dirt":6,"minecraft:packed_ice":47,"minecraft:stone":34,"minecraft:fern":1},"minecraft:custom":{"minecraft:interact_with_furnace":6,"minecraft:mob_kills":29,"minecraft:interact_with_crafting_table":12,"minecraft:time_since_death":80390,"minecraft:sleep_in_bed":3,"minecraft:climb_one_cm":692,"minecraft:time_since_rest":30998,"minecraft:sprint_one_cm":157078,"minecraft:damage_taken":1365,"minecraft:walk_one_cm":178001,"minecraft:drop":8,"minecraft:damage_dealt":5021,"minecraft:swim_one_cm":20325,"minecraft:talked_to_villager":1,"minecraft:fly_one_cm":160646,"minecraft:open_chest":33,"minecraft:crouch_one_cm":5489,"minecraft:sneak_time":2534,"minecraft:play_time":96438,"tombstone:undead_killed":17,"minecraft:deaths":1,"minecraft:walk_under_water_one_cm":26169,"minecraft:jump":1077,"minecraft:walk_on_water_one_cm":23549,"minecraft:total_world_time":96438,"minecraft:fall_one_cm":27795},"minecraft:killed_by":{"raxiores:ladro_stocker":1},"minecraft:killed":{"minecraft:pig":3,"minecraft:zombie_villager":1,"minecraft:spider":2,"minecraft:skeleton":1,"alexsmobs:orca":1,"minecraft:zombie":13,"alexsmobs:fly":1,"minecraft:drowned":2,"minecraft:cow":4},"minecraft:used":{"minecraft:wheat_seeds":3,"minecraft:water_bucket":3,"minecraft:iron_shovel":230,"minecraft:oak_planks":12,"minecraft:chest":2,"minecraft:iron_sword":7,"minecraft:torch":7,"minecraft:dirt":2,"minecraft:mushroom_stew":3,"minecraft:crafting_table":4,"minecraft:iron_hoe":48,"minecraft:apple":2,"minecraft:iron_axe":108,"minecraft:bread":13,"minecraft:iron_pickaxe":184,"minecraft:cobblestone":12,"minecraft:beef":11,"minecraft:furnace":2,"minecraft:bucket":4,"tombstone:gift":1,"minecraft:potato":38,"minecraft:bone_meal":18},"minecraft:picked_up":{"minecraft:crafting_table":4,"minecraft:magma_block":1,"minecraft:wheat":1,"minecraft:clay_ball":844,"minecraft:andesite":3,"minecraft:leather":3,"minecraft:stone_slab":3,"minecraft:potato":27,"minecraft:mushroom_stew":4,"minecraft:oak_log":8,"minecraft:string":2,"minecraft:dirt":27,"minecraft:bone":8,"minecraft:apple":2,"spartanweaponry:iron_greatsword":1,"minecraft:wheat_seeds":10,"minecraft:spruce_planks":8,"minecraft:beef":11,"dynamictrees:oak_seed":1,"spartanweaponry:iron_flanged_mace":1,"minecraft:stick":24,"minecraft:raw_iron":32,"iceandfire:dragonbone":10,"minecraft:copper_ingot":1,"minecraft:torch":6,"minecraft:dandelion":1,"iceandfire:silver_ore":2,"minecraft:porkchop":6,"tombstone:grave_dust":4,"minecraft:diorite":1,"minecraft:spruce_log":1,"minecraft:spider_eye":1,"minecraft:pumpkin_seeds":8,"iceandfire:dragon_skull_ice":1,"minecraft:bundle":1,"minecraft:rotten_flesh":15,"minecraft:arrow":2,"alexsmobs:maggot":2,"tombstone:magic_scroll":2,"minecraft:coal":52,"minecraft:cobblestone":35},"minecraft:crafted":{"minecraft:oak_planks":32,"minecraft:crafting_table":1,"minecraft:spruce_planks":20,"farmersdelight:iron_knife":2,"minecraft:iron_sword":1,"minecraft:furnace":2,"minecraft:bone_meal":18,"minecraft:bucket":1,"minecraft:iron_axe":2,"minecraft:iron_hoe":1,"minecraft:stick":8,"minecraft:iron_ingot":13,"minecraft:iron_pickaxe":1,"minecraft:chest":2,"minecraft:iron_shovel":1,"minecraft:torch":64,"minecraft:clay":211},"minecraft:dropped":{"minecraft:bread":1,"minecraft:bowl":1,"minecraft:stone_slab":1,"minecraft:dirt":3,"minecraft:diorite":1,"minecraft:iron_axe":1}},"DataVersion":3120}