{"stats":{"minecraft:picked_up":{"minecraft:crafting_table":4,"minecraft:magma_block":1,"minecraft:wheat":6,"minecraft:clay_ball":844,"minecraft:andesite":3,"minecraft:leather":3,"minecraft:stone_slab":3,"minecraft:potato":138,"minecraft:mushroom_stew":4,"minecraft:oak_log":8,"minecraft:dirt":27,"minecraft:string":2,"minecraft:bone":8,"minecraft:apple":2,"spartanweaponry:iron_greatsword":1,"minecraft:wheat_seeds":26,"minecraft:spruce_planks":8,"minecraft:beef":11,"dynamictrees:oak_seed":1,"spartanweaponry:iron_flanged_mace":1,"minecraft:furnace":1,"minecraft:stick":24,"minecraft:raw_iron":41,"iceandfire:dragonbone":10,"minecraft:poisonous_potato":2,"minecraft:copper_ingot":1,"minecraft:torch":8,"minecraft:dandelion":1,"iceandfire:silver_ore":2,"minecraft:porkchop":6,"tombstone:grave_dust":6,"minecraft:diorite":1,"minecraft:spruce_log":1,"minecraft:spider_eye":1,"iceandfire:dragon_skull_ice":1,"minecraft:bundle":2,"minecraft:rotten_flesh":15,"minecraft:pumpkin_seeds":8,"minecraft:arrow":2,"alexsmobs:maggot":2,"tombstone:magic_scroll":2,"minecraft:coal":64,"minecraft:cobblestone":36},"minecraft:dropped":{"minecraft:bread":1,"minecraft:bowl":1,"minecraft:stone_slab":1,"minecraft:dirt":3,"minecraft:diorite":1,"minecraft:iron_axe":1},"minecraft:killed":{"minecraft:pig":3,"minecraft:zombie_villager":1,"minecraft:spider":2,"minecraft:creeper":1,"minecraft:skeleton":1,"alexsmobs:orca":1,"iceandfire:ghost":2,"minecraft:zombie":15,"raxiores:pteranodon":1,"alexsmobs:fly":1,"minecraft:drowned":2,"minecraft:cow":4},"minecraft:mined":{"minecraft:spruce_planks":8,"iceandfire:silver_ore":2,"minecraft:powder_snow":5,"minecraft:clay":213,"minecraft:crafting_table":5,"minecraft:torch":7,"minecraft:grass_block":11,"minecraft:mushroom_stem":1,"minecraft:stone_slab":5,"minecraft:tall_grass":30,"minecraft:cobblestone":5,"minecraft:wall_torch":1,"minecraft:magma_block":1,"minecraft:furnace":3,"minecraft:iron_ore":42,"minecraft:wheat":12,"minecraft:andesite":3,"minecraft:pumpkin_stem":7,"minecraft:vine":1,"minecraft:grass":41,"minecraft:potatoes":39,"minecraft:coal_ore":63,"minecraft:dirt_path":11,"minecraft:dirt":6,"minecraft:packed_ice":47,"minecraft:stone":35,"minecraft:fern":1},"minecraft:crafted":{"minecraft:oak_planks":32,"minecraft:cooked_porkchop":6,"minecraft:crafting_table":2,"minecraft:spruce_planks":32,"farmersdelight:iron_knife":2,"minecraft:baked_potato":15,"minecraft:iron_helmet":1,"minecraft:iron_sword":1,"minecraft:furnace":3,"minecraft:bucket":1,"minecraft:bone_meal":57,"minecraft:air":0,"minecraft:iron_boots":1,"minecraft:iron_chestplate":1,"minecraft:iron_axe":2,"minecraft:iron_hoe":1,"minecraft:stick":8,"minecraft:iron_ingot":43,"minecraft:iron_pickaxe":1,"minecraft:chest":3,"minecraft:iron_shovel":1,"minecraft:iron_leggings":1,"minecraft:torch":64,"minecraft:clay":211},"minecraft:used":{"minecraft:wheat_seeds":3,"minecraft:water_bucket":5,"minecraft:iron_shovel":230,"minecraft:baked_potato":3,"minecraft:oak_planks":12,"minecraft:chest":2,"minecraft:iron_sword":38,"minecraft:torch":10,"minecraft:dirt":2,"spartanweaponry:wooden_longbow":2,"minecraft:mushroom_stew":4,"minecraft:crafting_table":5,"minecraft:iron_hoe":49,"minecraft:apple":2,"minecraft:bread":13,"minecraft:iron_axe":108,"minecraft:iron_pickaxe":206,"minecraft:cobblestone":12,"minecraft:beef":11,"minecraft:furnace":4,"minecraft:cooked_porkchop":4,"minecraft:bucket":6,"tombstone:gift":1,"minecraft:potato":44,"minecraft:bone_meal":57},"minecraft:custom":{"minecraft:interact_with_furnace":19,"minecraft:mob_kills":35,"minecraft:interact_with_crafting_table":19,"minecraft:leave_game":1,"minecraft:time_since_death":12521,"minecraft:sleep_in_bed":6,"minecraft:climb_one_cm":1542,"minecraft:time_since_rest":11326,"minecraft:sprint_one_cm":238570,"minecraft:damage_taken":1940,"minecraft:walk_one_cm":251053,"minecraft:trigger_trapped_chest":1,"minecraft:drop":8,"minecraft:damage_dealt":6328,"minecraft:swim_one_cm":41253,"minecraft:talked_to_villager":1,"minecraft:fly_one_cm":235388,"minecraft:play_time":138591,"minecraft:crouch_one_cm":5637,"minecraft:sneak_time":3025,"minecraft:open_chest":45,"tombstone:undead_killed":21,"minecraft:deaths":2,"minecraft:walk_under_water_one_cm":36594,"minecraft:jump":1537,"minecraft:walk_on_water_one_cm":34041,"minecraft:total_world_time":138591,"minecraft:fall_one_cm":39355},"minecraft:killed_by":{"iceandfire:ghost":1,"raxiores:ladro_stocker":1}},"DataVersion":3120}