{"stats":{"minecraft:mined":{"minecraft:spruce_planks":8,"iceandfire:silver_ore":1,"minecraft:powder_snow":5,"minecraft:crafting_table":5,"minecraft:torch":4,"minecraft:grass_block":11,"minecraft:mushroom_stem":1,"minecraft:stone_slab":5,"minecraft:tall_grass":29,"minecraft:cobblestone":1,"minecraft:wall_torch":1,"minecraft:magma_block":1,"minecraft:furnace":2,"minecraft:iron_ore":11,"minecraft:wheat":1,"minecraft:potatoes":7,"minecraft:grass":41,"minecraft:coal_ore":38,"minecraft:dirt_path":11,"minecraft:dirt":6,"minecraft:packed_ice":47,"minecraft:stone":32,"minecraft:fern":1},"minecraft:custom":{"minecraft:interact_with_furnace":5,"minecraft:mob_kills":24,"minecraft:interact_with_crafting_table":10,"minecraft:time_since_death":56390,"minecraft:sleep_in_bed":3,"minecraft:climb_one_cm":180,"minecraft:time_since_rest":6998,"minecraft:sprint_one_cm":126623,"minecraft:damage_taken":1150,"minecraft:walk_one_cm":140225,"minecraft:drop":7,"minecraft:damage_dealt":4319,"minecraft:swim_one_cm":20325,"minecraft:talked_to_villager":1,"minecraft:fly_one_cm":130901,"minecraft:open_chest":21,"minecraft:crouch_one_cm":5254,"minecraft:sneak_time":2145,"minecraft:play_time":72438,"tombstone:undead_killed":15,"minecraft:deaths":1,"minecraft:walk_under_water_one_cm":17315,"minecraft:jump":865,"minecraft:walk_on_water_one_cm":18746,"minecraft:total_world_time":72438,"minecraft:fall_one_cm":19824},"minecraft:killed_by":{"raxiores:ladro_stocker":1},"minecraft:killed":{"minecraft:zombie_villager":1,"minecraft:spider":2,"minecraft:skeleton":1,"alexsmobs:orca":1,"minecraft:zombie":11,"alexsmobs:fly":1,"minecraft:drowned":2,"minecraft:cow":4},"minecraft:used":{"minecraft:water_bucket":1,"minecraft:iron_shovel":17,"minecraft:oak_planks":12,"minecraft:chest":2,"minecraft:torch":5,"minecraft:dirt":2,"minecraft:crafting_table":4,"minecraft:iron_hoe":48,"minecraft:iron_axe":101,"minecraft:bread":13,"minecraft:iron_pickaxe":138,"minecraft:cobblestone":8,"minecraft:beef":11,"minecraft:furnace":2,"minecraft:bucket":1,"tombstone:gift":1,"minecraft:potato":38,"minecraft:bone_meal":18},"minecraft:picked_up":{"minecraft:crafting_table":4,"minecraft:magma_block":1,"minecraft:leather":3,"minecraft:stone_slab":3,"minecraft:potato":27,"minecraft:oak_log":8,"minecraft:string":2,"minecraft:dirt":27,"minecraft:bone":6,"minecraft:apple":2,"spartanweaponry:iron_greatsword":1,"minecraft:wheat_seeds":7,"minecraft:spruce_planks":8,"minecraft:beef":11,"dynamictrees:oak_seed":1,"spartanweaponry:iron_flanged_mace":1,"minecraft:stick":24,"minecraft:raw_iron":11,"iceandfire:dragonbone":10,"minecraft:copper_ingot":1,"minecraft:torch":5,"minecraft:dandelion":1,"iceandfire:silver_ore":1,"tombstone:grave_dust":2,"minecraft:diorite":1,"minecraft:spruce_log":1,"minecraft:spider_eye":1,"iceandfire:dragon_skull_ice":1,"minecraft:bundle":1,"minecraft:rotten_flesh":14,"minecraft:arrow":2,"alexsmobs:maggot":2,"tombstone:magic_scroll":1,"minecraft:coal":38,"minecraft:cobblestone":29},"minecraft:crafted":{"minecraft:oak_planks":32,"minecraft:crafting_table":1,"minecraft:spruce_planks":20,"minecraft:furnace":2,"minecraft:bone_meal":18,"minecraft:bucket":1,"minecraft:iron_axe":2,"minecraft:iron_hoe":1,"minecraft:stick":8,"minecraft:iron_ingot":13,"minecraft:iron_pickaxe":1,"minecraft:chest":2,"minecraft:iron_shovel":1,"minecraft:torch":64},"minecraft:dropped":{"minecraft:bread":1,"minecraft:stone_slab":1,"minecraft:dirt":3,"minecraft:diorite":1,"minecraft:iron_axe":1}},"DataVersion":3120}