{"stats":{"minecraft:mined":{"minecraft:magma_block":1,"minecraft:spruce_planks":8,"iceandfire:silver_ore":1,"minecraft:iron_ore":1,"minecraft:powder_snow":5,"minecraft:crafting_table":3,"minecraft:grass":41,"minecraft:coal_ore":32,"minecraft:packed_ice":47,"minecraft:tall_grass":29,"minecraft:stone":19,"minecraft:fern":1},"minecraft:custom":{"minecraft:time_since_rest":3913,"minecraft:interact_with_furnace":1,"minecraft:sprint_one_cm":101444,"minecraft:damage_taken":800,"minecraft:walk_one_cm":74123,"minecraft:mob_kills":12,"minecraft:drop":1,"minecraft:damage_dealt":2031,"minecraft:talked_to_villager":1,"minecraft:swim_one_cm":20325,"minecraft:interact_with_crafting_table":5,"minecraft:fly_one_cm":110625,"minecraft:open_chest":9,"minecraft:crouch_one_cm":107,"minecraft:play_time":36438,"tombstone:undead_killed":3,"minecraft:deaths":1,"minecraft:sneak_time":622,"minecraft:walk_under_water_one_cm":11593,"minecraft:jump":638,"minecraft:walk_on_water_one_cm":6509,"minecraft:time_since_death":20390,"minecraft:sleep_in_bed":1,"minecraft:climb_one_cm":180,"minecraft:total_world_time":36438,"minecraft:fall_one_cm":16161},"minecraft:killed_by":{"raxiores:ladro_stocker":1},"minecraft:killed":{"alexsmobs:orca":1,"minecraft:zombie":3,"minecraft:spider":2,"alexsmobs:fly":1,"minecraft:cow":4},"minecraft:used":{"minecraft:iron_axe":46,"minecraft:bread":8,"minecraft:iron_pickaxe":100,"minecraft:chest":2,"minecraft:beef":11,"minecraft:crafting_table":4,"minecraft:furnace":2},"minecraft:picked_up":{"minecraft:raw_iron":1,"minecraft:magma_block":1,"minecraft:stick":21,"minecraft:crafting_table":3,"iceandfire:dragonbone":10,"minecraft:leather":3,"minecraft:dandelion":1,"iceandfire:silver_ore":1,"minecraft:oak_log":8,"minecraft:spider_eye":1,"minecraft:string":2,"iceandfire:dragon_skull_ice":1,"minecraft:arrow":1,"minecraft:bone":6,"minecraft:rotten_flesh":3,"minecraft:apple":2,"minecraft:wheat_seeds":6,"minecraft:spruce_planks":8,"minecraft:beef":11,"dynamictrees:oak_seed":1,"alexsmobs:maggot":2,"minecraft:coal":32,"minecraft:cobblestone":16},"minecraft:dropped":{"minecraft:iron_axe":1},"minecraft:crafted":{"minecraft:iron_axe":2,"minecraft:crafting_table":1,"minecraft:spruce_planks":20,"minecraft:stick":8,"minecraft:iron_pickaxe":1,"minecraft:chest":2,"minecraft:furnace":2,"minecraft:torch":64}},"DataVersion":3120}