{"stats":{"minecraft:killed":{"iceandfire:gorgon":1,"minecraft:vindicator":8,"minecraft:spider":3,"alexsmobs:seagull":1,"minecraft:skeleton":40,"alexsmobs:orca":1,"alexsmobs:banana_slug":1,"raxiores:pteranodon":1,"minecraft:drowned":5,"alexsmobs:skelewag":1,"zombie_extreme:runner":1,"minecraft:magma_cube":12,"minecraft:pig":3,"zombie_extreme:infected_military":1,"minecraft:zombie_villager":1,"minecraft:creeper":1,"minecraft:pillager":8,"minecraft:zombie":17,"iceandfire:ghost":2,"alexsmobs:fly":1,"minecraft:cow":4},"minecraft:crafted":{"minecraft:oak_planks":32,"minecraft:furnace":3,"minecraft:bone_meal":57,"sophisticatedbackpacks:crafting_upgrade":1,"minecraft:iron_boots":1,"minecraft:iron_axe":3,"minecraft:iron_hoe":1,"minecraft:chest":5,"minecraft:spruce_boat":1,"sophisticatedbackpacks:iron_backpack":2,"minecraft:cooked_cod":2,"sophisticatedbackpacks:backpack":2,"minecraft:cooked_porkchop":6,"minecraft:crafting_table":5,"minecraft:spruce_planks":32,"farmersdelight:iron_knife":2,"minecraft:baked_potato":73,"minecraft:iron_helmet":1,"minecraft:iron_sword":1,"minecraft:cooked_salmon":1,"sophisticatedbackpacks:gold_backpack":1,"minecraft:bucket":1,"sophisticatedbackpacks:upgrade_base":1,"minecraft:air":0,"minecraft:iron_chestplate":1,"minecraft:stick":16,"minecraft:iron_ingot":43,"minecraft:iron_pickaxe":1,"minecraft:iron_shovel":2,"minecraft:iron_leggings":2,"minecraft:torch":100,"minecraft:clay":211},"minecraft:mined":{"minecraft:spruce_planks":8,"iceandfire:silver_ore":3,"minecraft:grass_block":11,"minecraft:coal_block":8,"minecraft:sandstone":70,"minecraft:spawner":5,"minecraft:black_stained_glass_pane":2,"minecraft:magma_block":1,"minecraft:furnace":5,"minecraft:iron_ore":42,"minecraft:andesite":3,"minecraft:potatoes":39,"minecraft:vine":1,"minecraft:dirt_path":11,"minecraft:light_gray_concrete":2,"minecraft:packed_ice":47,"minecraft:stone":99,"minecraft:tripwire":1,"minecraft:gray_concrete":1,"minecraft:powder_snow":5,"minecraft:chiseled_quartz_block":4,"minecraft:crafting_table":6,"minecraft:clay":213,"minecraft:torch":7,"minecraft:mushroom_stem":1,"minecraft:stone_slab":5,"minecraft:tall_grass":30,"minecraft:cobblestone":16,"minecraft:sugar_cane":4,"minecraft:wall_torch":3,"minecraft:blue_bed":5,"minecraft:purple_bed":1,"byg:soapstone":21,"minecraft:wheat":12,"minecraft:pumpkin_stem":7,"minecraft:grass":41,"minecraft:coal_ore":92,"minecraft:sand":116,"minecraft:dirt":6,"minecraft:smooth_quartz":6,"minecraft:cobweb":18,"minecraft:tripwire_hook":1,"minecraft:fern":1},"minecraft:dropped":{"minecraft:water_bucket":1,"minecraft:bread":1,"minecraft:baked_potato":19,"minecraft:dirt":3,"minecraft:diorite":1,"minecraft:torch":31,"minecraft:cooked_salmon":12,"minecraft:iron_leggings":2,"minecraft:iron_axe":2,"minecraft:iron_pickaxe":1,"minecraft:bowl":1,"minecraft:iron_boots":1,"minecraft:stone_slab":1,"minecraft:filled_map":2,"minecraft:shield":1},"minecraft:killed_by":{"minecraft:magma_cube":1,"zombie_extreme:chainsaw":1,"iceandfire:gorgon":2,"raxiores:ladro_stocker":1,"iceandfire:ghost":1},"minecraft:custom":{"minecraft:mob_kills":128,"minecraft:interact_with_crafting_table":32,"minecraft:open_barrel":10,"minecraft:bell_ring":17,"minecraft:leave_game":2,"minecraft:time_since_death":4951,"minecraft:climb_one_cm":21878,"minecraft:sprint_one_cm":360938,"minecraft:walk_one_cm":409135,"minecraft:drop":22,"minecraft:talked_to_villager":1,"minecraft:play_time":248918,"minecraft:deaths":7,"minecraft:sneak_time":7529,"minecraft:walk_under_water_one_cm":93708,"minecraft:boat_one_cm":290903,"minecraft:jump":2222,"minecraft:walk_on_water_one_cm":82857,"minecraft:total_world_time":248918,"minecraft:interact_with_furnace":32,"tombstone:raider_killed":16,"minecraft:tune_noteblock":2,"minecraft:sleep_in_bed":13,"minecraft:time_since_rest":4578,"minecraft:damage_taken":2147483647,"minecraft:trigger_trapped_chest":1,"minecraft:damage_dealt":20415,"minecraft:swim_one_cm":101928,"minecraft:fly_one_cm":310269,"minecraft:open_chest":75,"minecraft:crouch_one_cm":14821,"tombstone:undead_killed":67,"minecraft:fish_caught":5,"minecraft:fall_one_cm":52678,"minecraft:inspect_dispenser":2},"minecraft:picked_up":{"minecraft:fishing_rod":1,"minecraft:crafting_table":5,"byg:soapstone":20,"minecraft:wheat":6,"minecraft:clay_ball":844,"minecraft:stone_slab":3,"minecraft:string":22,"minecraft:iron_leggings":1,"minecraft:pufferfish":1,"minecraft:spruce_planks":8,"minecraft:beef":11,"dynamictrees:oak_seed":1,"minecraft:smooth_quartz":3,"minecraft:sugar_cane":12,"minecraft:coal_block":8,"spartanweaponry:iron_flanged_mace":1,"minecraft:furnace":2,"minecraft:sandstone":68,"minecraft:raw_iron":41,"minecraft:stick":31,"iceandfire:dragonbone":10,"minecraft:copper_ingot":1,"minecraft:torch":18,"iceandfire:silver_ore":3,"minecraft:porkchop":6,"tombstone:grave_dust":15,"minecraft:diorite":1,"iceandfire:dragon_skull_ice":1,"tombstone:lost_tablet":1,"minecraft:rotten_flesh":15,"minecraft:arrow":50,"minecraft:cod":2,"minecraft:cobblestone":111,"minecraft:magma_block":1,"minecraft:salmon":2,"minecraft:tripwire_hook":1,"minecraft:andesite":3,"minecraft:leather":4,"minecraft:chiseled_quartz_block":4,"minecraft:potato":138,"minecraft:mushroom_stew":4,"minecraft:lily_pad":1,"minecraft:oak_log":8,"minecraft:dirt":27,"minecraft:blue_bed":5,"minecraft:bone":59,"minecraft:apple":2,"spartanweaponry:iron_greatsword":1,"minecraft:wheat_seeds":26,"minecraft:dandelion":1,"minecraft:poisonous_potato":2,"minecraft:sand":107,"minecraft:ink_sac":2,"minecraft:spruce_log":1,"minecraft:dark_oak_log":3,"minecraft:spider_eye":1,"minecraft:bundle":5,"minecraft:light_gray_concrete":2,"minecraft:pumpkin_seeds":8,"minecraft:purple_bed":1,"minecraft:emerald":2,"iceandfire:gorgon_head":1,"alexsmobs:banana_slug_slime":2,"alexsmobs:maggot":2,"tombstone:magic_scroll":3,"minecraft:coal":93},"minecraft:used":{"sophisticatedbackpacks:iron_backpack":4,"minecraft:iron_shovel":345,"minecraft:chest":4,"minecraft:iron_sword":348,"minecraft:torch":26,"minecraft:dirt":2,"minecraft:spruce_boat":1,"minecraft:iron_hoe":49,"minecraft:iron_axe":144,"minecraft:beef":11,"minecraft:furnace":4,"tombstone:gift":4,"minecraft:potato":44,"minecraft:wheat_seeds":3,"minecraft:water_bucket":9,"minecraft:baked_potato":35,"minecraft:oak_planks":12,"minecraft:sandstone":64,"minecraft:blue_bed":4,"minecraft:sand":50,"spartanweaponry:wooden_longbow":37,"minecraft:crafting_table":7,"minecraft:mushroom_stew":4,"minecraft:apple":2,"minecraft:light_gray_concrete":1,"minecraft:bread":13,"minecraft:iron_pickaxe":435,"byg:soapstone":15,"minecraft:fishing_rod":7,"minecraft:cobblestone":69,"minecraft:purple_bed":1,"minecraft:cooked_porkchop":4,"minecraft:bucket":10,"minecraft:bone_meal":57},"minecraft:broken":{"minecraft:iron_axe":1,"minecraft:iron_sword":1,"minecraft:iron_pickaxe":1}},"DataVersion":3120}