{"stats":{"minecraft:killed":{"alexsmobs:lobster":1,"zombie_extreme:night_hunter":2,"iceandfire:gorgon":1,"minecraft:spider":4,"zombie_extreme:infected_juggernaut":1,"zombie_extreme:divided":1,"minecraft:skeleton":88,"alexsmobs:orca":1,"alexsmobs:banana_slug":1,"iceandfire:dread_scuttler":1,"alexsmobs:skelewag":1,"minecraft:magma_cube":12,"minecraft:parrot":9,"minecraft:pig":6,"minecraft:zombie_villager":1,"zombie_extreme:infected_hazmat":1,"minecraft:iron_golem":1,"minecraft:creeper":1,"zombie_extreme:chainsaw":2,"minecraft:sheep":2,"minecraft:pillager":10,"minecraft:zombie":19,"zombie_extreme:infected_police":3,"zombie_extreme:devastated":1,"alexsmobs:fly":1,"iceandfire:dread_ghoul":1,"minecraft:cow":11,"minecraft:vindicator":8,"alexsmobs:seagull":1,"iceandfire:dread_thrall":8,"raxiores:pteranodon":1,"alexsmobs:bison":7,"minecraft:drowned":6,"zombie_extreme:runner":5,"zombie_extreme:crawler":2,"zombie_extreme:boomer":3,"zombie_extreme:infected_military":5,"zombie_extreme:infected":4,"alexsmobs:crocodile":1,"iceandfire:ghost":3,"iceandfire:ice_dragon":1},"minecraft:crafted":{"minecraft:oak_planks":32,"sophisticatedbackpacks:crafting_upgrade":1,"sophisticatedbackpacks:smelting_upgrade":1,"minecraft:glass":10,"minecraft:iron_boots":1,"minecraft:chest":9,"minecraft:smoker":1,"sophisticatedbackpacks:backpack":2,"minecraft:cooked_porkchop":6,"minecraft:crafting_table":6,"minecraft:spruce_planks":136,"farmersdelight:iron_knife":2,"minecraft:iron_helmet":1,"minecraft:baked_potato":148,"sophisticatedbackpacks:upgrade_base":2,"minecraft:iron_chestplate":1,"minecraft:stick":24,"minecraft:iron_pickaxe":2,"minecraft:iron_ingot":52,"minecraft:furnace":3,"minecraft:bone_meal":306,"minecraft:pink_dye":2,"alexsdelight:cooked_bison":3,"minecraft:iron_axe":3,"minecraft:spruce_slab":6,"minecraft:iron_hoe":1,"minecraft:cobblestone_wall":54,"minecraft:spruce_boat":3,"sophisticatedbackpacks:iron_backpack":2,"minecraft:cooked_cod":2,"minecraft:iron_sword":2,"minecraft:cooked_salmon":1,"iceandfire:pixie_jar_empty":7,"sophisticatedbackpacks:gold_backpack":2,"minecraft:bucket":2,"minecraft:bread":1,"minecraft:air":0,"minecraft:iron_shovel":3,"minecraft:iron_leggings":2,"minecraft:torch":104,"minecraft:clay":211},"minecraft:mined":{"minecraft:spruce_planks":13,"minecraft:grass_block":20,"iceandfire:pixie_jar_4":1,"iceandfire:dread_spawner":5,"minecraft:coal_block":9,"minecraft:spawner":9,"minecraft:magma_block":1,"minecraft:iron_ore":51,"minecraft:fire":9,"minecraft:dark_oak_stairs":1,"iceandfire:gold_pile":14,"minecraft:dirt_path":53,"minecraft:light_gray_concrete":2,"minecraft:spruce_slab":2,"minecraft:tripwire":1,"minecraft:smoker":3,"zombie_extreme:bear_trap":3,"minecraft:powder_snow":54,"minecraft:chiseled_quartz_block":4,"minecraft:clay":213,"iceandfire:dragon_ice_spikes":10,"minecraft:torch":8,"minecraft:blast_furnace":2,"minecraft:mushroom_stem":1,"minecraft:cobblestone":19,"minecraft:sugar_cane":4,"minecraft:wall_torch":9,"byg:soapstone":21,"minecraft:dark_oak_slab":3,"minecraft:wheat":14,"minecraft:blue_ice":1,"minecraft:pumpkin_stem":7,"minecraft:grass":51,"minecraft:smooth_quartz":6,"minecraft:sand":185,"minecraft:dirt":8,"byg:blueberry_bush":1,"minecraft:tripwire_hook":1,"byg:clover_patch":1,"iceandfire:silver_ore":3,"biomesoplenty:desert_grass":1,"byg:pink_allium_flower_bush":1,"byg:flower_patch":1,"iceandfire:frozen_splinters":7,"biomesoplenty:dead_grass":4,"minecraft:sandstone":70,"minecraft:black_stained_glass_pane":2,"minecraft:oak_trapdoor":1,"minecraft:carrots":3,"minecraft:furnace":9,"dynamictrees:oak_undergrowth_leaves":3,"zombie_extreme:wooden_barricades":2,"minecraft:snow":1,"minecraft:andesite":3,"minecraft:stripped_spruce_log":7,"zombie_extreme:wire":1,"minecraft:potatoes":222,"minecraft:vine":2,"minecraft:packed_ice":55,"minecraft:stone":156,"iceandfire:pixie_jar_empty":1,"minecraft:gray_concrete":1,"minecraft:glass_pane":4,"minecraft:crafting_table":6,"minecraft:stone_slab":5,"minecraft:tall_grass":35,"minecraft:blue_bed":11,"minecraft:spruce_stairs":3,"minecraft:purple_bed":3,"minecraft:cobblestone_wall":4,"minecraft:stripped_spruce_wood":26,"minecraft:ice":3,"minecraft:coal_ore":97,"iceandfire:silver_pile":22,"minecraft:gravel":38,"byg:tall_pink_allium":1,"minecraft:cobweb":18,"byg:tall_allium":3,"minecraft:fern":2},"minecraft:dropped":{"minecraft:iron_sword":1,"minecraft:baked_potato":19,"byg:green_tulip":1,"spartanweaponry:wooden_longbow":2,"zombie_extreme:rotten_apple":2,"minecraft:dirt":3,"iceandfire:pixie_jar_empty":3,"minecraft:gold_nugget":7,"minecraft:iron_pickaxe":1,"minecraft:bone":1,"minecraft:gravel":8,"biomesoplenty:toadstool":1,"zombie_extreme:police_suit_chestplate":1,"alexsmobs:crocodile_egg":1,"minecraft:pink_dye":1,"minecraft:rotten_flesh":4,"minecraft:chainmail_boots":1,"botania:blue_mystical_flower":1,"minecraft:spruce_slab":2,"minecraft:glass":4,"minecraft:water_bucket":1,"minecraft:iron_ingot":2,"minecraft:bread":2,"minecraft:wheat_seeds":1,"minecraft:cobblestone":1,"minecraft:book":1,"minecraft:spruce_stairs":1,"minecraft:stick":1,"minecraft:diorite":1,"minecraft:torch":31,"minecraft:cooked_salmon":14,"tombstone:grave_dust":4,"minecraft:iron_leggings":2,"minecraft:iron_axe":2,"minecraft:chainmail_leggings":1,"alexsmobs:crocodile_scute":1,"byg:alpine_bellflower":1,"minecraft:bowl":1,"byg:tall_allium":1,"minecraft:iron_boots":1,"minecraft:stone_slab":1,"minecraft:filled_map":3,"minecraft:shield":1,"minecraft:spruce_planks":4,"minecraft:purple_bed":1,"minecraft:stripped_spruce_wood":3},"minecraft:killed_by":{"minecraft:magma_cube":1,"zombie_extreme:chainsaw":3,"alexsmobs:crocodile":1,"iceandfire:ice_dragon":7,"iceandfire:fire_dragon":10,"iceandfire:gorgon":2,"minecraft:skeleton":2,"raxiores:ladro_stocker":1,"iceandfire:ghost":1},"minecraft:custom":{"minecraft:interact_with_crafting_table":39,"minecraft:open_barrel":32,"minecraft:bell_ring":17,"minecraft:leave_game":2,"minecraft:time_since_death":55636,"minecraft:sprint_one_cm":874741,"minecraft:drop":76,"minecraft:talked_to_villager":1,"minecraft:play_time":506918,"minecraft:deaths":30,"minecraft:jump":5281,"minecraft:walk_on_water_one_cm":211569,"minecraft:interact_with_furnace":41,"minecraft:sleep_in_bed":27,"minecraft:waystone_activated":2,"minecraft:damage_dealt":59401,"minecraft:player_kills":2,"minecraft:crouch_one_cm":29197,"tombstone:undead_killed":129,"minecraft:interact_with_smoker":22,"minecraft:inspect_dispenser":2,"minecraft:mob_kills":262,"minecraft:climb_one_cm":24206,"minecraft:walk_one_cm":900479,"minecraft:damage_dealt_absorbed":19,"minecraft:sneak_time":10619,"minecraft:walk_under_water_one_cm":220075,"minecraft:boat_one_cm":457241,"minecraft:interact_with_blast_furnace":1,"minecraft:total_world_time":506918,"tombstone:raider_killed":18,"minecraft:tune_noteblock":2,"minecraft:time_since_rest":55568,"minecraft:damage_taken":2147483647,"minecraft:trigger_trapped_chest":2,"minecraft:swim_one_cm":300574,"minecraft:fly_one_cm":905530,"minecraft:open_chest":141,"minecraft:fish_caught":5,"minecraft:fall_one_cm":128574},"minecraft:picked_up":{"zombie_extreme:wooden_barricades":2,"minecraft:iron_chestplate":3,"minecraft:wheat":7,"byg:alpine_bellflower":1,"minecraft:chainmail_boots":1,"zombie_extreme:bear_trap":3,"minecraft:stone_slab":3,"zombie_extreme:police_suit_chestplate":1,"iceandfire:manuscript":1,"minecraft:string":24,"minecraft:cooked_salmon":5,"minecraft:iron_leggings":1,"minecraft:pufferfish":1,"minecraft:gold_nugget":142,"minecraft:spruce_planks":12,"dynamictrees:oak_seed":1,"minecraft:smooth_quartz":3,"minecraft:coal_block":8,"spartanweaponry:iron_flanged_mace":1,"minecraft:iron_boots":1,"minecraft:furnace":6,"minecraft:stick":34,"minecraft:torch":27,"minecraft:spruce_stairs":3,"iceandfire:silver_ore":3,"minecraft:porkchop":6,"tombstone:grave_dust":23,"minecraft:diorite":1,"minecraft:rotten_flesh":28,"iceandfire:fire_dragon_heart":1,"zombie_extreme:rotten_apple":8,"alexsdelight:raw_bison":29,"minecraft:cod":2,"minecraft:snowball":1,"minecraft:cobblestone":171,"minecraft:magma_block":1,"minecraft:feather":28,"minecraft:andesite":3,"minecraft:chiseled_quartz_block":4,"minecraft:smoker":2,"minecraft:potato":614,"alexsmobs:bison_fur":9,"minecraft:flint":3,"minecraft:stripped_spruce_wood":28,"minecraft:dirt":80,"minecraft:glass":1,"minecraft:bone":132,"spartanweaponry:iron_greatsword":1,"minecraft:wheat_seeds":30,"biomesoplenty:toadstool":1,"iceandfire:dragonscales_sapphire":21,"minecraft:poisonous_potato":6,"alexsmobs:crocodile_egg":2,"iceandfire:dragon_skull_fire":1,"minecraft:sand":174,"minecraft:stripped_spruce_log":7,"minecraft:ink_sac":2,"spartanweaponry:wooden_longbow":1,"minecraft:dark_oak_log":3,"minecraft:bundle":7,"minecraft:light_gray_concrete":2,"minecraft:diamond":1,"minecraft:netherite_helmet":1,"minecraft:emerald":2,"minecraft:chainmail_helmet":1,"alexsmobs:maggot":2,"alexsmobs:banana_slug_slime":2,"iceandfire:gorgon_head":1,"iceandfire:silver_nugget":192,"minecraft:fishing_rod":1,"minecraft:crafting_table":5,"byg:soapstone":20,"minecraft:chicken":1,"minecraft:clay_ball":844,"minecraft:oak_trapdoor":1,"iceandfire:frozen_splinters":7,"byg:pink_allium_flower_bush":2,"minecraft:beef":26,"iceandfire:dread_shard":10,"minecraft:poppy":1,"minecraft:spruce_slab":2,"minecraft:sugar_cane":12,"iceandfire:ice_dragon_heart":1,"iceandfire:dragonbone":24,"minecraft:raw_iron":50,"minecraft:sandstone":68,"minecraft:copper_ingot":1,"minecraft:carrot":3,"alexsmobs:crocodile_scute":2,"iceandfire:dragon_skull_ice":2,"minecraft:tnt":4,"iceandfire:pixie_jar_0":3,"tombstone:lost_tablet":1,"minecraft:arrow":134,"botania:blue_mystical_flower":1,"minecraft:mutton":3,"minecraft:white_wool":2,"iceandfire:pixie_jar_4":2,"byg:green_tulip":1,"minecraft:tripwire_hook":1,"minecraft:salmon":2,"minecraft:leather":7,"minecraft:filled_map":1,"minecraft:mushroom_stew":4,"minecraft:oak_log":8,"minecraft:lily_pad":1,"iceandfire:pixie_jar_2":1,"iceandfire:pixie_jar_3":1,"minecraft:cobblestone_wall":5,"minecraft:blue_bed":12,"minecraft:apple":2,"iceandfire:pixie_jar_empty":2,"minecraft:iron_ingot":8,"tombstone:bag_of_seeds":1,"minecraft:iron_sword":1,"iceandfire:fire_dragon_flesh":1,"minecraft:dark_oak_stairs":1,"minecraft:book":1,"minecraft:dark_oak_slab":3,"minecraft:sweet_berries":4,"iceandfire:ash":2,"minecraft:dandelion":1,"minecraft:gravel":41,"minecraft:blast_furnace":2,"minecraft:spruce_log":1,"minecraft:spider_eye":1,"minecraft:pumpkin_seeds":8,"minecraft:purple_bed":3,"byg:tall_allium":1,"minecraft:chainmail_leggings":2,"iceandfire:ice_dragon_flesh":5,"tombstone:magic_scroll":7,"minecraft:coal":116},"minecraft:used":{"minecraft:iron_shovel":550,"minecraft:spruce_slab":6,"minecraft:chest":8,"minecraft:iron_sword":1301,"minecraft:spruce_boat":3,"minecraft:dark_oak_slab":3,"minecraft:furnace":6,"minecraft:cooked_cod":2,"minecraft:skeleton_skull":1,"minecraft:potato":222,"iceandfire:pixie_jar_empty":1,"minecraft:oak_planks":14,"minecraft:sandstone":64,"minecraft:blue_bed":12,"minecraft:sand":50,"minecraft:mushroom_stew":4,"minecraft:blast_furnace":1,"minecraft:light_gray_concrete":1,"minecraft:bread":19,"tombstone:grave_key":1,"minecraft:gravel":29,"minecraft:bone_meal":306,"sophisticatedbackpacks:iron_backpack":4,"minecraft:cooked_salmon":3,"minecraft:torch":61,"minecraft:dirt":49,"minecraft:cobblestone_wall":59,"minecraft:iron_hoe":96,"minecraft:iron_axe":212,"minecraft:beef":11,"tombstone:gift":4,"alexsdelight:cooked_bison":9,"minecraft:wheat_seeds":3,"minecraft:water_bucket":22,"minecraft:baked_potato":100,"spartanweaponry:wooden_longbow":91,"minecraft:crafting_table":9,"iceandfire:pixie_jar_4":1,"minecraft:smoker":4,"minecraft:apple":2,"minecraft:iron_pickaxe":607,"byg:soapstone":15,"minecraft:fishing_rod":7,"minecraft:cobblestone":71,"minecraft:purple_bed":2,"minecraft:cooked_porkchop":4,"minecraft:bucket":24,"minecraft:pumpkin_pie":10},"minecraft:broken":{"minecraft:iron_shovel":1,"minecraft:iron_boots":1,"minecraft:iron_sword":2,"minecraft:iron_axe":1,"minecraft:iron_pickaxe":2,"minecraft:iron_helmet":1}},"DataVersion":3120}