{"stats":{"minecraft:mined":{"minecraft:spruce_planks":8,"iceandfire:silver_ore":1,"minecraft:powder_snow":5,"minecraft:crafting_table":3,"minecraft:mushroom_stem":1,"minecraft:stone_slab":1,"minecraft:tall_grass":29,"minecraft:wall_torch":1,"minecraft:magma_block":1,"minecraft:iron_ore":11,"minecraft:grass":41,"minecraft:coal_ore":38,"minecraft:dirt_path":2,"minecraft:dirt":1,"minecraft:packed_ice":47,"minecraft:stone":20,"minecraft:fern":1},"minecraft:custom":{"minecraft:interact_with_furnace":1,"minecraft:mob_kills":21,"minecraft:interact_with_crafting_table":6,"minecraft:time_since_death":44390,"minecraft:sleep_in_bed":2,"minecraft:climb_one_cm":180,"minecraft:time_since_rest":10812,"minecraft:sprint_one_cm":104839,"minecraft:damage_taken":1055,"minecraft:walk_one_cm":101536,"minecraft:drop":5,"minecraft:damage_dealt":3568,"minecraft:swim_one_cm":20325,"minecraft:talked_to_villager":1,"minecraft:fly_one_cm":111900,"minecraft:open_chest":11,"minecraft:crouch_one_cm":3742,"minecraft:sneak_time":1681,"minecraft:play_time":60438,"tombstone:undead_killed":12,"minecraft:deaths":1,"minecraft:walk_under_water_one_cm":12475,"minecraft:jump":730,"minecraft:walk_on_water_one_cm":17775,"minecraft:total_world_time":60438,"minecraft:fall_one_cm":17063},"minecraft:killed_by":{"raxiores:ladro_stocker":1},"minecraft:killed":{"minecraft:spider":2,"minecraft:skeleton":1,"alexsmobs:orca":1,"minecraft:zombie":9,"alexsmobs:fly":1,"minecraft:drowned":2,"minecraft:cow":4},"minecraft:used":{"minecraft:chest":2,"minecraft:torch":1,"minecraft:crafting_table":4,"minecraft:iron_axe":80,"minecraft:bread":11,"minecraft:iron_pickaxe":119,"minecraft:beef":11,"minecraft:furnace":2},"minecraft:picked_up":{"minecraft:crafting_table":3,"minecraft:magma_block":1,"minecraft:leather":3,"minecraft:stone_slab":1,"minecraft:oak_log":8,"minecraft:string":2,"minecraft:dirt":3,"minecraft:bone":6,"minecraft:apple":2,"spartanweaponry:iron_greatsword":1,"minecraft:wheat_seeds":6,"minecraft:spruce_planks":8,"minecraft:beef":11,"dynamictrees:oak_seed":1,"spartanweaponry:iron_flanged_mace":1,"minecraft:stick":21,"minecraft:raw_iron":11,"iceandfire:dragonbone":10,"minecraft:copper_ingot":1,"minecraft:torch":1,"minecraft:dandelion":1,"iceandfire:silver_ore":1,"tombstone:grave_dust":2,"minecraft:diorite":1,"minecraft:spider_eye":1,"iceandfire:dragon_skull_ice":1,"minecraft:rotten_flesh":11,"minecraft:arrow":1,"alexsmobs:maggot":2,"tombstone:magic_scroll":1,"minecraft:coal":38,"minecraft:cobblestone":17},"minecraft:dropped":{"minecraft:stone_slab":1,"minecraft:dirt":3,"minecraft:iron_axe":1},"minecraft:crafted":{"minecraft:crafting_table":1,"minecraft:spruce_planks":20,"minecraft:furnace":2,"minecraft:iron_axe":2,"minecraft:stick":8,"minecraft:iron_ingot":2,"minecraft:iron_pickaxe":1,"minecraft:chest":2,"minecraft:torch":64}},"DataVersion":3120}