{"stats":{"minecraft:crafted":{"minecraft:oak_planks":32,"sophisticatedbackpacks:backpack":1,"minecraft:cooked_porkchop":6,"minecraft:crafting_table":3,"minecraft:spruce_planks":32,"farmersdelight:iron_knife":2,"minecraft:iron_helmet":1,"minecraft:baked_potato":41,"minecraft:iron_sword":1,"minecraft:furnace":3,"minecraft:bucket":1,"minecraft:bone_meal":57,"sophisticatedbackpacks:crafting_upgrade":1,"sophisticatedbackpacks:upgrade_base":1,"minecraft:air":0,"minecraft:iron_boots":1,"minecraft:iron_chestplate":1,"minecraft:iron_axe":2,"minecraft:iron_hoe":1,"minecraft:stick":8,"minecraft:iron_ingot":43,"minecraft:iron_pickaxe":1,"minecraft:chest":4,"minecraft:iron_shovel":1,"minecraft:iron_leggings":1,"minecraft:torch":64,"minecraft:clay":211},"minecraft:killed":{"minecraft:magma_cube":5,"minecraft:pig":3,"minecraft:zombie_villager":1,"minecraft:spider":2,"minecraft:creeper":1,"minecraft:skeleton":6,"alexsmobs:orca":1,"minecraft:zombie":15,"iceandfire:ghost":2,"raxiores:pteranodon":1,"alexsmobs:fly":1,"minecraft:drowned":2,"minecraft:cow":4},"minecraft:mined":{"minecraft:spruce_planks":8,"iceandfire:silver_ore":2,"minecraft:powder_snow":5,"minecraft:chiseled_quartz_block":4,"minecraft:clay":213,"minecraft:crafting_table":5,"minecraft:torch":7,"minecraft:grass_block":11,"minecraft:mushroom_stem":1,"minecraft:stone_slab":5,"minecraft:coal_block":4,"minecraft:tall_grass":30,"minecraft:cobblestone":5,"minecraft:wall_torch":1,"minecraft:spawner":2,"minecraft:magma_block":1,"minecraft:furnace":3,"minecraft:iron_ore":42,"minecraft:wheat":12,"minecraft:pumpkin_stem":7,"minecraft:andesite":3,"minecraft:grass":41,"minecraft:potatoes":39,"minecraft:dirt_path":11,"minecraft:coal_ore":79,"minecraft:vine":1,"minecraft:light_gray_concrete":2,"minecraft:smooth_quartz":2,"minecraft:dirt":6,"minecraft:packed_ice":47,"minecraft:cobweb":18,"minecraft:stone":35,"minecraft:fern":1},"minecraft:dropped":{"minecraft:bread":1,"minecraft:baked_potato":19,"minecraft:bowl":1,"minecraft:iron_boots":1,"minecraft:stone_slab":1,"minecraft:shield":1,"minecraft:dirt":3,"minecraft:diorite":1,"minecraft:iron_axe":1},"minecraft:killed_by":{"raxiores:ladro_stocker":1,"iceandfire:ghost":1},"minecraft:custom":{"minecraft:interact_with_furnace":22,"minecraft:mob_kills":50,"minecraft:interact_with_crafting_table":25,"minecraft:bell_ring":17,"minecraft:leave_game":2,"minecraft:time_since_death":38848,"minecraft:sleep_in_bed":8,"minecraft:climb_one_cm":13708,"minecraft:time_since_rest":15666,"minecraft:sprint_one_cm":269351,"minecraft:damage_taken":2124,"minecraft:walk_one_cm":295119,"minecraft:trigger_trapped_chest":1,"minecraft:damage_dealt":7988,"minecraft:drop":11,"minecraft:play_time":164918,"minecraft:swim_one_cm":48005,"minecraft:talked_to_villager":1,"minecraft:fly_one_cm":254825,"minecraft:crouch_one_cm":8442,"minecraft:sneak_time":4189,"tombstone:undead_killed":26,"minecraft:open_chest":55,"minecraft:deaths":2,"minecraft:walk_under_water_one_cm":43579,"minecraft:jump":1720,"minecraft:walk_on_water_one_cm":37760,"minecraft:total_world_time":164918,"minecraft:fall_one_cm":43889},"minecraft:picked_up":{"minecraft:crafting_table":4,"minecraft:magma_block":1,"minecraft:wheat":6,"minecraft:clay_ball":844,"minecraft:andesite":3,"minecraft:leather":3,"minecraft:stone_slab":3,"minecraft:chiseled_quartz_block":4,"minecraft:potato":138,"minecraft:mushroom_stew":4,"minecraft:oak_log":8,"minecraft:dirt":27,"minecraft:string":19,"minecraft:bone":12,"minecraft:apple":2,"spartanweaponry:iron_greatsword":1,"minecraft:wheat_seeds":26,"minecraft:spruce_planks":8,"minecraft:beef":11,"dynamictrees:oak_seed":1,"minecraft:smooth_quartz":2,"minecraft:coal_block":4,"spartanweaponry:iron_flanged_mace":1,"minecraft:furnace":1,"minecraft:stick":24,"minecraft:raw_iron":41,"iceandfire:dragonbone":10,"minecraft:copper_ingot":1,"minecraft:torch":8,"minecraft:dandelion":1,"minecraft:poisonous_potato":2,"iceandfire:silver_ore":2,"minecraft:porkchop":6,"tombstone:grave_dust":8,"minecraft:diorite":1,"minecraft:spruce_log":1,"minecraft:light_gray_concrete":2,"minecraft:spider_eye":1,"iceandfire:dragon_skull_ice":1,"minecraft:bundle":3,"minecraft:pumpkin_seeds":8,"minecraft:arrow":5,"minecraft:rotten_flesh":15,"alexsmobs:maggot":2,"tombstone:magic_scroll":2,"minecraft:coal":80,"minecraft:cobblestone":36},"minecraft:used":{"minecraft:wheat_seeds":3,"minecraft:water_bucket":5,"minecraft:iron_shovel":230,"minecraft:baked_potato":7,"minecraft:oak_planks":12,"minecraft:chest":4,"minecraft:iron_sword":101,"minecraft:torch":12,"minecraft:dirt":2,"spartanweaponry:wooden_longbow":2,"minecraft:mushroom_stew":4,"minecraft:crafting_table":5,"minecraft:light_gray_concrete":1,"minecraft:iron_hoe":49,"minecraft:iron_pickaxe":236,"minecraft:iron_axe":108,"minecraft:apple":2,"minecraft:bread":13,"minecraft:cobblestone":12,"minecraft:beef":11,"minecraft:furnace":4,"minecraft:cooked_porkchop":4,"minecraft:bucket":6,"tombstone:gift":1,"minecraft:potato":44,"minecraft:bone_meal":57}},"DataVersion":3120}