{"stats":{"minecraft:killed":{"zombie_extreme:night_hunter":1,"iceandfire:gorgon":1,"minecraft:vindicator":8,"minecraft:spider":3,"alexsmobs:seagull":1,"minecraft:skeleton":42,"alexsmobs:orca":1,"iceandfire:dread_thrall":3,"alexsmobs:banana_slug":1,"raxiores:pteranodon":1,"minecraft:drowned":5,"iceandfire:dread_scuttler":1,"alexsmobs:skelewag":1,"zombie_extreme:runner":2,"minecraft:magma_cube":12,"minecraft:pig":3,"zombie_extreme:boomer":1,"zombie_extreme:infected_military":1,"minecraft:zombie_villager":1,"minecraft:iron_golem":1,"minecraft:creeper":1,"zombie_extreme:chainsaw":1,"minecraft:pillager":8,"minecraft:zombie":17,"iceandfire:ghost":2,"zombie_extreme:infected_police":1,"iceandfire:ice_dragon":1,"alexsmobs:fly":1,"iceandfire:dread_ghoul":1,"minecraft:cow":4},"minecraft:crafted":{"minecraft:oak_planks":32,"minecraft:furnace":3,"minecraft:bone_meal":306,"sophisticatedbackpacks:crafting_upgrade":1,"minecraft:iron_boots":1,"minecraft:iron_axe":3,"minecraft:iron_hoe":1,"minecraft:cobblestone_wall":54,"minecraft:chest":7,"minecraft:spruce_boat":1,"minecraft:smoker":1,"sophisticatedbackpacks:iron_backpack":2,"minecraft:cooked_cod":2,"sophisticatedbackpacks:backpack":2,"minecraft:cooked_porkchop":6,"minecraft:crafting_table":5,"minecraft:spruce_planks":108,"farmersdelight:iron_knife":2,"minecraft:baked_potato":148,"minecraft:iron_helmet":1,"minecraft:iron_sword":1,"minecraft:cooked_salmon":1,"sophisticatedbackpacks:gold_backpack":1,"minecraft:bucket":2,"sophisticatedbackpacks:upgrade_base":1,"minecraft:bread":1,"minecraft:air":0,"minecraft:iron_chestplate":1,"minecraft:stick":16,"minecraft:iron_ingot":52,"minecraft:iron_pickaxe":2,"minecraft:iron_shovel":2,"minecraft:iron_leggings":2,"minecraft:torch":100,"minecraft:clay":211},"minecraft:mined":{"minecraft:spruce_planks":13,"iceandfire:silver_ore":3,"biomesoplenty:desert_grass":1,"minecraft:grass_block":20,"iceandfire:frozen_splinters":7,"iceandfire:dread_spawner":2,"minecraft:coal_block":8,"biomesoplenty:dead_grass":4,"minecraft:sandstone":70,"minecraft:spawner":5,"minecraft:black_stained_glass_pane":2,"minecraft:magma_block":1,"minecraft:furnace":6,"minecraft:carrots":3,"minecraft:iron_ore":51,"minecraft:snow":1,"minecraft:andesite":3,"minecraft:stripped_spruce_log":7,"minecraft:potatoes":164,"minecraft:vine":1,"minecraft:dirt_path":53,"minecraft:light_gray_concrete":2,"minecraft:packed_ice":54,"minecraft:stone":156,"minecraft:spruce_slab":2,"minecraft:tripwire":1,"minecraft:gray_concrete":1,"minecraft:smoker":1,"iceandfire:dragon_ice_spikes":10,"minecraft:powder_snow":54,"minecraft:chiseled_quartz_block":4,"minecraft:crafting_table":6,"minecraft:clay":213,"minecraft:torch":8,"minecraft:blast_furnace":1,"minecraft:mushroom_stem":1,"minecraft:stone_slab":5,"minecraft:tall_grass":31,"minecraft:cobblestone":17,"minecraft:sugar_cane":4,"minecraft:wall_torch":3,"minecraft:blue_bed":8,"minecraft:spruce_stairs":3,"minecraft:purple_bed":1,"byg:soapstone":21,"minecraft:stripped_spruce_wood":26,"minecraft:cobblestone_wall":4,"minecraft:wheat":14,"minecraft:pumpkin_stem":7,"minecraft:grass":41,"iceandfire:silver_pile":22,"minecraft:coal_ore":97,"minecraft:gravel":38,"minecraft:sand":116,"minecraft:dirt":8,"minecraft:smooth_quartz":6,"minecraft:cobweb":18,"minecraft:tripwire_hook":1,"minecraft:fern":1},"minecraft:dropped":{"minecraft:water_bucket":1,"minecraft:bread":1,"minecraft:baked_potato":19,"minecraft:cobblestone":1,"minecraft:spruce_stairs":1,"minecraft:dirt":3,"minecraft:diorite":1,"minecraft:torch":31,"minecraft:cooked_salmon":14,"minecraft:iron_leggings":2,"minecraft:iron_axe":2,"minecraft:iron_pickaxe":1,"minecraft:gravel":8,"minecraft:bowl":1,"minecraft:iron_boots":1,"minecraft:stone_slab":1,"minecraft:filled_map":2,"minecraft:shield":1,"minecraft:spruce_planks":4,"minecraft:spruce_slab":2,"minecraft:stripped_spruce_wood":3},"minecraft:killed_by":{"minecraft:magma_cube":1,"zombie_extreme:chainsaw":1,"iceandfire:gorgon":2,"iceandfire:ice_dragon":7,"raxiores:ladro_stocker":1,"iceandfire:ghost":1},"minecraft:custom":{"minecraft:mob_kills":144,"minecraft:interact_with_crafting_table":35,"minecraft:open_barrel":10,"minecraft:bell_ring":17,"minecraft:leave_game":2,"minecraft:time_since_death":43219,"minecraft:climb_one_cm":21878,"minecraft:sprint_one_cm":605937,"minecraft:walk_one_cm":613731,"minecraft:drop":43,"minecraft:talked_to_villager":1,"minecraft:play_time":338918,"minecraft:deaths":14,"minecraft:sneak_time":8308,"minecraft:walk_under_water_one_cm":105469,"minecraft:boat_one_cm":290903,"minecraft:jump":3515,"minecraft:interact_with_blast_furnace":1,"minecraft:walk_on_water_one_cm":97131,"minecraft:total_world_time":338918,"minecraft:interact_with_furnace":37,"tombstone:raider_killed":16,"minecraft:tune_noteblock":2,"minecraft:sleep_in_bed":20,"minecraft:time_since_rest":4164,"minecraft:waystone_activated":2,"minecraft:damage_taken":2147483647,"minecraft:trigger_trapped_chest":1,"minecraft:damage_dealt":25452,"minecraft:player_kills":1,"minecraft:swim_one_cm":139338,"minecraft:fly_one_cm":578695,"minecraft:open_chest":97,"minecraft:crouch_one_cm":15771,"tombstone:undead_killed":73,"minecraft:interact_with_smoker":13,"minecraft:fish_caught":5,"minecraft:fall_one_cm":86205,"minecraft:inspect_dispenser":2},"minecraft:picked_up":{"minecraft:fishing_rod":1,"minecraft:crafting_table":5,"byg:soapstone":20,"minecraft:wheat":7,"minecraft:clay_ball":844,"minecraft:stone_slab":3,"iceandfire:frozen_splinters":7,"minecraft:string":22,"minecraft:cooked_salmon":5,"minecraft:iron_leggings":1,"minecraft:pufferfish":1,"minecraft:spruce_planks":12,"minecraft:beef":11,"iceandfire:dread_shard":4,"minecraft:poppy":1,"dynamictrees:oak_seed":1,"minecraft:smooth_quartz":3,"minecraft:spruce_slab":2,"minecraft:sugar_cane":12,"minecraft:coal_block":8,"spartanweaponry:iron_flanged_mace":1,"iceandfire:ice_dragon_heart":1,"minecraft:furnace":3,"minecraft:sandstone":68,"minecraft:raw_iron":50,"minecraft:stick":31,"iceandfire:dragonbone":15,"minecraft:copper_ingot":1,"minecraft:spruce_stairs":3,"minecraft:torch":19,"iceandfire:silver_ore":3,"minecraft:porkchop":6,"tombstone:grave_dust":15,"minecraft:diorite":1,"minecraft:carrot":3,"iceandfire:dragon_skull_ice":2,"tombstone:lost_tablet":1,"minecraft:rotten_flesh":20,"minecraft:arrow":53,"zombie_extreme:rotten_apple":4,"minecraft:snowball":1,"minecraft:cod":2,"minecraft:cobblestone":169,"minecraft:magma_block":1,"minecraft:salmon":2,"minecraft:tripwire_hook":1,"minecraft:andesite":3,"minecraft:leather":4,"minecraft:chiseled_quartz_block":4,"minecraft:smoker":1,"minecraft:potato":556,"minecraft:mushroom_stew":4,"minecraft:flint":3,"minecraft:stripped_spruce_wood":28,"minecraft:lily_pad":1,"minecraft:oak_log":8,"minecraft:cobblestone_wall":5,"minecraft:dirt":80,"minecraft:blue_bed":8,"minecraft:bone":64,"minecraft:apple":2,"spartanweaponry:iron_greatsword":1,"minecraft:wheat_seeds":29,"minecraft:iron_ingot":4,"iceandfire:dragonscales_sapphire":21,"minecraft:gravel":41,"minecraft:dandelion":1,"minecraft:poisonous_potato":6,"minecraft:sand":107,"minecraft:stripped_spruce_log":7,"minecraft:blast_furnace":1,"minecraft:ink_sac":2,"minecraft:spruce_log":1,"minecraft:dark_oak_log":3,"minecraft:spider_eye":1,"minecraft:bundle":5,"minecraft:light_gray_concrete":2,"minecraft:pumpkin_seeds":8,"minecraft:purple_bed":1,"iceandfire:ice_dragon_flesh":5,"minecraft:emerald":2,"iceandfire:gorgon_head":1,"alexsmobs:banana_slug_slime":2,"alexsmobs:maggot":2,"tombstone:magic_scroll":3,"iceandfire:silver_nugget":192,"minecraft:coal":98},"minecraft:used":{"sophisticatedbackpacks:iron_backpack":4,"minecraft:iron_shovel":481,"minecraft:chest":6,"minecraft:iron_sword":433,"minecraft:cooked_salmon":3,"minecraft:torch":46,"minecraft:dirt":49,"minecraft:cobblestone_wall":59,"minecraft:spruce_boat":1,"minecraft:iron_hoe":96,"minecraft:iron_axe":187,"minecraft:beef":11,"minecraft:cooked_cod":2,"minecraft:furnace":5,"tombstone:gift":4,"minecraft:potato":222,"minecraft:wheat_seeds":3,"minecraft:water_bucket":11,"minecraft:baked_potato":51,"minecraft:oak_planks":12,"minecraft:sandstone":64,"minecraft:blue_bed":8,"minecraft:sand":50,"spartanweaponry:wooden_longbow":72,"minecraft:crafting_table":8,"minecraft:mushroom_stew":4,"minecraft:blast_furnace":1,"minecraft:smoker":2,"minecraft:apple":2,"minecraft:light_gray_concrete":1,"minecraft:bread":19,"minecraft:iron_pickaxe":564,"tombstone:grave_key":1,"minecraft:gravel":29,"byg:soapstone":15,"minecraft:fishing_rod":7,"minecraft:cobblestone":69,"minecraft:purple_bed":1,"minecraft:cooked_porkchop":4,"minecraft:bucket":13,"minecraft:bone_meal":306},"minecraft:broken":{"minecraft:iron_shovel":1,"minecraft:iron_axe":1,"minecraft:iron_sword":1,"minecraft:iron_pickaxe":2}},"DataVersion":3120}