{"stats":{"minecraft:crafted":{"minecraft:air":49},"minecraft:custom":{"minecraft:interact_with_anvil":1,"minecraft:mob_kills":136,"minecraft:interact_with_crafting_table":7,"minecraft:open_barrel":28,"minecraft:raid_trigger":1,"minecraft:eat_cake_slice":4,"minecraft:leave_game":3,"minecraft:time_since_death":4021,"minecraft:sleep_in_bed":1,"minecraft:climb_one_cm":3334,"minecraft:time_since_rest":4050,"minecraft:sprint_one_cm":85977,"minecraft:damage_taken":3347,"minecraft:walk_one_cm":156214,"minecraft:drop":7,"minecraft:damage_dealt":12854,"minecraft:swim_one_cm":21896,"minecraft:talked_to_villager":1,"minecraft:fly_one_cm":69894,"minecraft:open_chest":20,"minecraft:crouch_one_cm":1963,"minecraft:play_time":96860,"minecraft:deaths":10,"minecraft:sneak_time":1317,"minecraft:walk_under_water_one_cm":9526,"minecraft:jump":577,"minecraft:walk_on_water_one_cm":23096,"minecraft:total_world_time":96860,"minecraft:fall_one_cm":15900},"minecraft:picked_up":{"minecraft:iron_chestplate":1,"minecraft:chicken":1,"minecraft:golden_leggings":1,"minecraft:birch_planks":1,"minecraft:potion":5,"minecraft:gunpowder":18,"minecraft:lantern":1,"minecraft:string":15,"minecraft:moss_carpet":1,"minecraft:white_banner":4,"minecraft:red_carpet":1,"minecraft:bone":19,"minecraft:wheat_seeds":3,"minecraft:iron_ingot":6,"minecraft:poppy":3,"minecraft:spruce_trapdoor":1,"minecraft:stick":9,"minecraft:copper_ingot":1,"minecraft:redstone":1,"minecraft:spruce_door":1,"minecraft:spider_eye":5,"minecraft:dark_oak_planks":4,"minecraft:rotten_flesh":89,"minecraft:slime_ball":2,"minecraft:chainmail_leggings":1,"minecraft:iron_helmet":1,"minecraft:crossbow":2,"minecraft:birch_sign":2,"minecraft:bread":3,"minecraft:snowball":15},"minecraft:broken":{"minecraft:leather_helmet":1,"minecraft:chainmail_leggings":1,"minecraft:iron_sword":1},"minecraft:used":{"minecraft:water_bucket":1,"cgm:machine_pistol":9,"minecraft:spruce_door":1,"minecraft:glass_bottle":43,"minecraft:baked_potato":5,"minecraft:zombie_villager_spawn_egg":3,"minecraft:iron_sword":300,"minecraft:zombie_spawn_egg":3,"alexsmobs:spawn_egg_straddler":2,"minecraft:anvil":1,"cgm:workbench":2,"minecraft:crafting_table":1,"minecraft:birch_sign":2,"minecraft:campfire":1,"cgm:rifle":28,"minecraft:dark_oak_planks":48,"cgm:shotgun":8,"minecraft:bread":10,"cgm:assault_rifle":336,"guardvillagers:snow_golem_spawn_egg":1,"minecraft:barrel":2,"minecraft:potion":7,"guardvillagers:iron_golem_spawn_egg":3,"minecraft:bow":2,"minecraft:sweet_berries":17,"minecraft:husk_spawn_egg":4,"cgm:heavy_rifle":6},"minecraft:killed":{"minecraft:witch":1,"minecraft:pillager":53,"minecraft:zombie":66,"minecraft:chicken":1,"alexsmobs:straddler":2,"minecraft:drowned":10,"minecraft:villager":1},"minecraft:dropped":{"minecraft:moss_carpet":1,"minecraft:birch_planks":1,"minecraft:rotten_flesh":2,"minecraft:red_carpet":1,"minecraft:gunpowder":2},"minecraft:mined":{"minecraft:dark_oak_planks":4,"minecraft:spruce_trapdoor":1,"minecraft:dead_bush":13,"minecraft:tall_grass":8,"minecraft:large_fern":2,"minecraft:blue_ice":1,"minecraft:moss_carpet":1,"dtterralith:acacia_twiglet_leaves":2,"minecraft:grass":9,"minecraft:cobweb":6,"minecraft:fern":2},"minecraft:killed_by":{"minecraft:pillager":7,"minecraft:drowned":1,"guardvillagers:guard":1}},"DataVersion":2975}