{"stats":{"minecraft:mined":{"minecraft:spruce_planks":8,"iceandfire:silver_ore":2,"minecraft:powder_snow":5,"minecraft:clay":213,"minecraft:crafting_table":5,"minecraft:torch":5,"minecraft:grass_block":11,"minecraft:mushroom_stem":1,"minecraft:stone_slab":5,"minecraft:tall_grass":29,"minecraft:cobblestone":5,"minecraft:wall_torch":1,"minecraft:magma_block":1,"minecraft:furnace":3,"minecraft:iron_ore":40,"minecraft:wheat":2,"minecraft:pumpkin_stem":7,"minecraft:andesite":3,"minecraft:potatoes":9,"minecraft:grass":41,"minecraft:coal_ore":54,"minecraft:dirt_path":11,"minecraft:dirt":6,"minecraft:packed_ice":47,"minecraft:stone":35,"minecraft:fern":1},"minecraft:custom":{"minecraft:interact_with_furnace":14,"minecraft:mob_kills":33,"minecraft:interact_with_crafting_table":16,"minecraft:leave_game":1,"minecraft:time_since_death":93025,"minecraft:sleep_in_bed":4,"minecraft:climb_one_cm":896,"minecraft:time_since_rest":6412,"minecraft:sprint_one_cm":178190,"minecraft:damage_taken":1605,"minecraft:walk_one_cm":209665,"minecraft:drop":8,"minecraft:damage_dealt":5636,"minecraft:swim_one_cm":24620,"minecraft:talked_to_villager":1,"minecraft:fly_one_cm":183947,"minecraft:open_chest":37,"minecraft:crouch_one_cm":5594,"minecraft:sneak_time":2825,"minecraft:play_time":109073,"tombstone:undead_killed":19,"minecraft:deaths":1,"minecraft:walk_under_water_one_cm":34984,"minecraft:jump":1248,"minecraft:walk_on_water_one_cm":32561,"minecraft:total_world_time":109073,"minecraft:fall_one_cm":33480},"minecraft:killed_by":{"raxiores:ladro_stocker":1},"minecraft:killed":{"minecraft:pig":3,"minecraft:zombie_villager":1,"minecraft:spider":2,"minecraft:creeper":1,"minecraft:skeleton":1,"alexsmobs:orca":1,"raxiores:pteranodon":1,"minecraft:zombie":15,"alexsmobs:fly":1,"minecraft:drowned":2,"minecraft:cow":4},"minecraft:used":{"minecraft:wheat_seeds":3,"minecraft:water_bucket":5,"minecraft:iron_shovel":230,"minecraft:oak_planks":12,"minecraft:chest":2,"minecraft:iron_sword":20,"minecraft:torch":8,"minecraft:dirt":2,"spartanweaponry:wooden_longbow":2,"minecraft:mushroom_stew":4,"minecraft:crafting_table":4,"minecraft:iron_hoe":49,"minecraft:apple":2,"minecraft:iron_axe":108,"minecraft:bread":13,"minecraft:iron_pickaxe":195,"minecraft:cobblestone":12,"minecraft:beef":11,"minecraft:furnace":2,"minecraft:cooked_porkchop":4,"minecraft:bucket":6,"tombstone:gift":1,"minecraft:potato":44,"minecraft:bone_meal":18},"minecraft:picked_up":{"minecraft:crafting_table":4,"minecraft:magma_block":1,"minecraft:wheat":1,"minecraft:clay_ball":844,"minecraft:andesite":3,"minecraft:leather":3,"minecraft:stone_slab":3,"minecraft:potato":33,"minecraft:mushroom_stew":4,"minecraft:oak_log":8,"minecraft:string":2,"minecraft:dirt":27,"minecraft:bone":8,"minecraft:apple":2,"spartanweaponry:iron_greatsword":1,"minecraft:wheat_seeds":10,"minecraft:spruce_planks":8,"minecraft:beef":11,"dynamictrees:oak_seed":1,"spartanweaponry:iron_flanged_mace":1,"minecraft:furnace":1,"minecraft:stick":24,"minecraft:raw_iron":39,"iceandfire:dragonbone":10,"minecraft:copper_ingot":1,"minecraft:torch":6,"minecraft:dandelion":1,"iceandfire:silver_ore":2,"minecraft:porkchop":6,"tombstone:grave_dust":4,"minecraft:diorite":1,"minecraft:spruce_log":1,"minecraft:spider_eye":1,"minecraft:pumpkin_seeds":8,"iceandfire:dragon_skull_ice":1,"minecraft:bundle":2,"minecraft:rotten_flesh":15,"minecraft:arrow":2,"alexsmobs:maggot":2,"tombstone:magic_scroll":2,"minecraft:coal":55,"minecraft:cobblestone":36},"minecraft:crafted":{"minecraft:oak_planks":32,"minecraft:cooked_porkchop":6,"minecraft:crafting_table":1,"minecraft:spruce_planks":20,"farmersdelight:iron_knife":2,"minecraft:iron_helmet":1,"minecraft:iron_sword":1,"minecraft:furnace":2,"minecraft:bone_meal":18,"minecraft:bucket":1,"minecraft:air":0,"minecraft:iron_chestplate":1,"minecraft:iron_boots":1,"minecraft:iron_axe":2,"minecraft:iron_hoe":1,"minecraft:stick":8,"minecraft:iron_ingot":37,"minecraft:iron_pickaxe":1,"minecraft:iron_leggings":1,"minecraft:chest":2,"minecraft:iron_shovel":1,"minecraft:torch":64,"minecraft:clay":211},"minecraft:dropped":{"minecraft:bread":1,"minecraft:bowl":1,"minecraft:stone_slab":1,"minecraft:dirt":3,"minecraft:diorite":1,"minecraft:iron_axe":1}},"DataVersion":3120}