{"stats":{"minecraft:mined":{"minecraft:grass":3,"minecraft:grass_block":1,"biomesoplenty:dead_grass":2,"minecraft:powder_snow":25,"minecraft:fern":2},"minecraft:custom":{"minecraft:time_since_rest":5538,"minecraft:crouch_one_cm":9,"minecraft:play_time":5538,"minecraft:sprint_one_cm":23111,"minecraft:damage_taken":40,"minecraft:walk_one_cm":17355,"minecraft:sneak_time":12,"minecraft:mob_kills":3,"minecraft:jump":115,"minecraft:damage_dealt":300,"minecraft:time_since_death":5538,"minecraft:total_world_time":5538,"minecraft:fly_one_cm":27242,"minecraft:fall_one_cm":3785},"minecraft:killed":{"minecraft:cow":3},"minecraft:used":{"minecraft:dirt":1},"minecraft:picked_up":{"minecraft:bone":2,"minecraft:leather":5,"minecraft:wheat_seeds":1,"minecraft:beef":7,"minecraft:dirt":1}},"DataVersion":3120}