{"stats":{"minecraft:mined":{"minecraft:grass":38,"minecraft:spruce_planks":8,"minecraft:tall_grass":28,"minecraft:crafting_table":2},"minecraft:custom":{"minecraft:open_chest":5,"minecraft:time_since_rest":12438,"minecraft:crouch_one_cm":2,"minecraft:play_time":12438,"minecraft:sprint_one_cm":27499,"minecraft:damage_taken":165,"minecraft:walk_one_cm":22911,"minecraft:sneak_time":246,"minecraft:walk_under_water_one_cm":8798,"minecraft:mob_kills":8,"minecraft:jump":180,"minecraft:damage_dealt":1253,"minecraft:time_since_death":12438,"minecraft:walk_on_water_one_cm":5784,"minecraft:total_world_time":12438,"minecraft:interact_with_crafting_table":2,"minecraft:swim_one_cm":20325,"minecraft:fall_one_cm":2988,"minecraft:fly_one_cm":29664},"minecraft:killed":{"minecraft:spider":2,"alexsmobs:orca":1,"minecraft:cow":4},"minecraft:used":{"minecraft:beef":5,"minecraft:crafting_table":2,"minecraft:iron_axe":23},"minecraft:picked_up":{"minecraft:crafting_table":2,"minecraft:bone":3,"minecraft:leather":3,"minecraft:wheat_seeds":6,"minecraft:dandelion":1,"minecraft:spruce_planks":8,"minecraft:beef":11,"minecraft:spider_eye":1,"minecraft:string":2},"minecraft:crafted":{"minecraft:iron_axe":2,"minecraft:crafting_table":1,"minecraft:stick":8,"minecraft:iron_pickaxe":1}},"DataVersion":3120}