{"stats":{"minecraft:killed":{"minecraft:spider":3,"minecraft:skeleton":38,"alexsmobs:orca":1,"alexsmobs:banana_slug":1,"raxiores:pteranodon":1,"minecraft:drowned":2,"minecraft:magma_cube":12,"minecraft:pig":3,"zombie_extreme:infected_military":1,"minecraft:zombie_villager":1,"minecraft:creeper":1,"minecraft:zombie":15,"iceandfire:ghost":2,"alexsmobs:fly":1,"minecraft:cow":4},"minecraft:crafted":{"minecraft:oak_planks":32,"minecraft:furnace":3,"minecraft:bone_meal":57,"sophisticatedbackpacks:crafting_upgrade":1,"minecraft:iron_boots":1,"minecraft:iron_axe":2,"minecraft:iron_hoe":1,"minecraft:chest":4,"minecraft:spruce_boat":1,"sophisticatedbackpacks:backpack":1,"minecraft:cooked_porkchop":6,"minecraft:crafting_table":3,"minecraft:spruce_planks":32,"farmersdelight:iron_knife":2,"minecraft:baked_potato":73,"minecraft:iron_helmet":1,"minecraft:iron_sword":1,"minecraft:bucket":1,"sophisticatedbackpacks:upgrade_base":1,"minecraft:air":0,"minecraft:iron_chestplate":1,"minecraft:stick":16,"minecraft:iron_ingot":43,"minecraft:iron_pickaxe":1,"minecraft:iron_shovel":1,"minecraft:iron_leggings":2,"minecraft:torch":100,"minecraft:clay":211},"minecraft:mined":{"minecraft:spruce_planks":8,"iceandfire:silver_ore":3,"minecraft:grass_block":11,"minecraft:coal_block":8,"minecraft:spawner":4,"minecraft:black_stained_glass_pane":2,"minecraft:magma_block":1,"minecraft:furnace":4,"minecraft:iron_ore":42,"minecraft:andesite":3,"minecraft:potatoes":39,"minecraft:vine":1,"minecraft:dirt_path":11,"minecraft:light_gray_concrete":2,"minecraft:packed_ice":47,"minecraft:stone":35,"minecraft:tripwire":1,"minecraft:gray_concrete":1,"minecraft:powder_snow":5,"minecraft:chiseled_quartz_block":4,"minecraft:crafting_table":5,"minecraft:clay":213,"minecraft:torch":7,"minecraft:mushroom_stem":1,"minecraft:stone_slab":5,"minecraft:tall_grass":30,"minecraft:cobblestone":5,"minecraft:wall_torch":3,"minecraft:blue_bed":3,"minecraft:purple_bed":1,"minecraft:wheat":12,"minecraft:pumpkin_stem":7,"minecraft:grass":41,"minecraft:coal_ore":79,"minecraft:dirt":6,"minecraft:smooth_quartz":6,"minecraft:cobweb":18,"minecraft:tripwire_hook":1,"minecraft:fern":1},"minecraft:dropped":{"minecraft:bread":1,"minecraft:baked_potato":19,"minecraft:dirt":3,"minecraft:diorite":1,"minecraft:torch":27,"minecraft:iron_leggings":2,"minecraft:iron_axe":1,"minecraft:iron_pickaxe":1,"minecraft:bowl":1,"minecraft:iron_boots":1,"minecraft:stone_slab":1,"minecraft:shield":1},"minecraft:killed_by":{"minecraft:magma_cube":1,"zombie_extreme:chainsaw":1,"raxiores:ladro_stocker":1,"iceandfire:ghost":1},"minecraft:custom":{"minecraft:mob_kills":99,"minecraft:interact_with_crafting_table":26,"minecraft:bell_ring":17,"minecraft:leave_game":2,"minecraft:time_since_death":11727,"minecraft:climb_one_cm":21262,"minecraft:sprint_one_cm":312595,"minecraft:walk_one_cm":345375,"minecraft:drop":16,"minecraft:talked_to_villager":1,"minecraft:play_time":188918,"minecraft:deaths":5,"minecraft:sneak_time":6080,"minecraft:walk_under_water_one_cm":43744,"minecraft:boat_one_cm":27123,"minecraft:jump":1877,"minecraft:walk_on_water_one_cm":39504,"minecraft:total_world_time":188918,"minecraft:interact_with_furnace":26,"minecraft:tune_noteblock":2,"minecraft:sleep_in_bed":10,"minecraft:time_since_rest":4007,"minecraft:damage_taken":3773,"minecraft:trigger_trapped_chest":1,"minecraft:damage_dealt":14371,"minecraft:swim_one_cm":48005,"minecraft:fly_one_cm":272745,"minecraft:open_chest":66,"minecraft:crouch_one_cm":12545,"tombstone:undead_killed":58,"minecraft:fall_one_cm":47363,"minecraft:inspect_dispenser":2},"minecraft:picked_up":{"minecraft:crafting_table":4,"minecraft:wheat":6,"minecraft:clay_ball":844,"minecraft:stone_slab":3,"minecraft:string":22,"minecraft:iron_leggings":1,"minecraft:spruce_planks":8,"minecraft:beef":11,"dynamictrees:oak_seed":1,"minecraft:smooth_quartz":3,"minecraft:coal_block":8,"spartanweaponry:iron_flanged_mace":1,"minecraft:furnace":1,"minecraft:raw_iron":41,"minecraft:stick":27,"iceandfire:dragonbone":10,"minecraft:copper_ingot":1,"minecraft:torch":11,"iceandfire:silver_ore":3,"minecraft:porkchop":6,"tombstone:grave_dust":15,"minecraft:diorite":1,"iceandfire:dragon_skull_ice":1,"minecraft:rotten_flesh":15,"minecraft:arrow":43,"minecraft:cobblestone":36,"minecraft:magma_block":1,"minecraft:tripwire_hook":1,"minecraft:andesite":3,"minecraft:leather":3,"minecraft:chiseled_quartz_block":4,"minecraft:potato":138,"minecraft:mushroom_stew":4,"minecraft:oak_log":8,"minecraft:dirt":27,"minecraft:blue_bed":3,"minecraft:bone":53,"minecraft:apple":2,"spartanweaponry:iron_greatsword":1,"minecraft:wheat_seeds":26,"minecraft:dandelion":1,"minecraft:poisonous_potato":2,"minecraft:spruce_log":1,"minecraft:dark_oak_log":3,"minecraft:spider_eye":1,"minecraft:bundle":5,"minecraft:light_gray_concrete":2,"minecraft:pumpkin_seeds":8,"minecraft:purple_bed":1,"alexsmobs:banana_slug_slime":2,"alexsmobs:maggot":2,"tombstone:magic_scroll":2,"minecraft:coal":80},"minecraft:used":{"minecraft:iron_shovel":230,"minecraft:chest":4,"minecraft:iron_sword":243,"minecraft:torch":16,"minecraft:dirt":2,"minecraft:spruce_boat":1,"minecraft:iron_hoe":49,"minecraft:iron_axe":143,"minecraft:beef":11,"minecraft:furnace":4,"tombstone:gift":3,"minecraft:potato":44,"minecraft:wheat_seeds":3,"minecraft:water_bucket":9,"minecraft:baked_potato":23,"minecraft:oak_planks":12,"minecraft:blue_bed":2,"spartanweaponry:wooden_longbow":32,"minecraft:crafting_table":5,"minecraft:mushroom_stew":4,"minecraft:apple":2,"minecraft:light_gray_concrete":1,"minecraft:bread":13,"minecraft:iron_pickaxe":253,"minecraft:cobblestone":12,"minecraft:purple_bed":1,"minecraft:cooked_porkchop":4,"minecraft:bucket":10,"minecraft:bone_meal":57},"minecraft:broken":{"minecraft:iron_axe":1,"minecraft:iron_sword":1,"minecraft:iron_pickaxe":1}},"DataVersion":3120}