{"stats":{"minecraft:killed":{"zombie_extreme:night_hunter":2,"zombie_extreme:infected_juggernaut":1,"iceandfire:gorgon":1,"minecraft:vindicator":8,"minecraft:spider":4,"alexsmobs:seagull":1,"zombie_extreme:divided":1,"minecraft:skeleton":42,"alexsmobs:orca":1,"iceandfire:dread_thrall":8,"alexsmobs:banana_slug":1,"raxiores:pteranodon":1,"alexsmobs:bison":2,"minecraft:drowned":6,"iceandfire:dread_scuttler":1,"alexsmobs:skelewag":1,"zombie_extreme:runner":3,"zombie_extreme:crawler":1,"minecraft:magma_cube":12,"zombie_extreme:infected":1,"minecraft:pig":6,"zombie_extreme:boomer":1,"zombie_extreme:infected_military":3,"minecraft:zombie_villager":1,"minecraft:iron_golem":1,"minecraft:creeper":1,"zombie_extreme:chainsaw":2,"minecraft:sheep":2,"alexsmobs:crocodile":1,"minecraft:pillager":10,"minecraft:zombie":18,"iceandfire:ghost":3,"zombie_extreme:devastated":1,"zombie_extreme:infected_police":1,"iceandfire:ice_dragon":1,"alexsmobs:fly":1,"iceandfire:dread_ghoul":1,"minecraft:cow":11},"minecraft:crafted":{"minecraft:oak_planks":32,"minecraft:furnace":3,"minecraft:bone_meal":306,"sophisticatedbackpacks:crafting_upgrade":1,"minecraft:iron_boots":1,"minecraft:iron_axe":3,"minecraft:iron_hoe":1,"minecraft:cobblestone_wall":54,"minecraft:chest":7,"minecraft:spruce_boat":2,"minecraft:smoker":1,"sophisticatedbackpacks:iron_backpack":2,"minecraft:cooked_cod":2,"sophisticatedbackpacks:backpack":2,"minecraft:cooked_porkchop":6,"minecraft:crafting_table":5,"minecraft:spruce_planks":108,"farmersdelight:iron_knife":2,"minecraft:baked_potato":148,"minecraft:iron_helmet":1,"minecraft:iron_sword":2,"minecraft:cooked_salmon":1,"sophisticatedbackpacks:gold_backpack":1,"minecraft:bucket":2,"sophisticatedbackpacks:upgrade_base":1,"minecraft:bread":1,"minecraft:air":0,"minecraft:iron_chestplate":1,"minecraft:stick":16,"minecraft:iron_ingot":52,"minecraft:iron_pickaxe":2,"minecraft:iron_shovel":2,"minecraft:iron_leggings":2,"minecraft:torch":100,"minecraft:clay":211},"minecraft:mined":{"byg:clover_patch":1,"minecraft:spruce_planks":13,"iceandfire:silver_ore":3,"biomesoplenty:desert_grass":1,"minecraft:grass_block":20,"byg:flower_patch":1,"iceandfire:frozen_splinters":7,"iceandfire:dread_spawner":5,"minecraft:coal_block":8,"biomesoplenty:dead_grass":4,"minecraft:sandstone":70,"minecraft:spawner":5,"minecraft:black_stained_glass_pane":2,"minecraft:magma_block":1,"dynamictrees:oak_undergrowth_leaves":3,"minecraft:furnace":8,"minecraft:carrots":3,"minecraft:fire":9,"minecraft:iron_ore":51,"minecraft:snow":1,"minecraft:andesite":3,"minecraft:stripped_spruce_log":7,"iceandfire:gold_pile":14,"minecraft:potatoes":222,"minecraft:vine":2,"minecraft:dirt_path":53,"minecraft:light_gray_concrete":2,"minecraft:packed_ice":55,"minecraft:stone":156,"minecraft:spruce_slab":2,"minecraft:tripwire":1,"minecraft:glass_pane":4,"minecraft:gray_concrete":1,"minecraft:smoker":3,"iceandfire:dragon_ice_spikes":10,"minecraft:powder_snow":54,"minecraft:chiseled_quartz_block":4,"minecraft:crafting_table":6,"minecraft:clay":213,"minecraft:torch":8,"minecraft:blast_furnace":2,"minecraft:mushroom_stem":1,"minecraft:stone_slab":5,"minecraft:tall_grass":33,"minecraft:cobblestone":17,"minecraft:sugar_cane":4,"minecraft:wall_torch":3,"minecraft:blue_bed":11,"minecraft:spruce_stairs":3,"minecraft:purple_bed":2,"byg:soapstone":21,"minecraft:ice":3,"minecraft:blue_ice":1,"minecraft:stripped_spruce_wood":26,"minecraft:cobblestone_wall":4,"minecraft:wheat":14,"minecraft:pumpkin_stem":7,"minecraft:grass":44,"iceandfire:silver_pile":22,"minecraft:coal_ore":97,"minecraft:gravel":38,"minecraft:sand":116,"minecraft:dirt":8,"minecraft:smooth_quartz":6,"byg:blueberry_bush":1,"minecraft:cobweb":18,"minecraft:tripwire_hook":1,"minecraft:fern":2},"minecraft:dropped":{"minecraft:water_bucket":1,"minecraft:iron_ingot":2,"minecraft:bread":2,"minecraft:wheat_seeds":1,"minecraft:baked_potato":19,"byg:green_tulip":1,"minecraft:cobblestone":1,"minecraft:spruce_stairs":1,"spartanweaponry:wooden_longbow":2,"minecraft:dirt":3,"minecraft:diorite":1,"minecraft:torch":31,"minecraft:cooked_salmon":14,"minecraft:iron_leggings":2,"minecraft:gold_nugget":7,"minecraft:iron_axe":2,"minecraft:iron_pickaxe":1,"minecraft:bone":1,"minecraft:gravel":8,"biomesoplenty:toadstool":1,"alexsmobs:crocodile_scute":1,"byg:alpine_bellflower":1,"alexsmobs:crocodile_egg":1,"minecraft:bowl":1,"minecraft:rotten_flesh":2,"minecraft:iron_boots":1,"minecraft:stone_slab":1,"minecraft:filled_map":2,"minecraft:shield":1,"minecraft:spruce_planks":4,"minecraft:purple_bed":1,"minecraft:chainmail_boots":1,"botania:blue_mystical_flower":1,"minecraft:spruce_slab":2,"minecraft:stripped_spruce_wood":3},"minecraft:killed_by":{"minecraft:magma_cube":1,"zombie_extreme:chainsaw":3,"alexsmobs:crocodile":1,"iceandfire:gorgon":2,"iceandfire:ice_dragon":7,"raxiores:ladro_stocker":1,"iceandfire:ghost":1,"iceandfire:fire_dragon":10},"minecraft:custom":{"minecraft:mob_kills":182,"minecraft:interact_with_crafting_table":35,"minecraft:open_barrel":10,"minecraft:bell_ring":17,"minecraft:leave_game":2,"minecraft:time_since_death":16015,"minecraft:climb_one_cm":23027,"minecraft:sprint_one_cm":807982,"minecraft:walk_one_cm":784827,"minecraft:drop":60,"minecraft:damage_dealt_absorbed":19,"minecraft:talked_to_villager":1,"minecraft:play_time":422918,"minecraft:deaths":27,"minecraft:sneak_time":9449,"minecraft:walk_under_water_one_cm":166374,"minecraft:boat_one_cm":410973,"minecraft:jump":4776,"minecraft:interact_with_blast_furnace":1,"minecraft:walk_on_water_one_cm":165085,"minecraft:total_world_time":422918,"minecraft:interact_with_furnace":37,"tombstone:raider_killed":18,"minecraft:tune_noteblock":2,"minecraft:sleep_in_bed":25,"minecraft:time_since_rest":10749,"minecraft:waystone_activated":2,"minecraft:damage_taken":2147483647,"minecraft:trigger_trapped_chest":2,"minecraft:damage_dealt":34370,"minecraft:player_kills":1,"minecraft:swim_one_cm":210753,"minecraft:fly_one_cm":835210,"minecraft:open_chest":131,"minecraft:crouch_one_cm":16311,"tombstone:undead_killed":82,"minecraft:interact_with_smoker":13,"minecraft:fish_caught":5,"minecraft:fall_one_cm":116640,"minecraft:inspect_dispenser":2},"minecraft:picked_up":{"minecraft:fishing_rod":1,"minecraft:crafting_table":5,"byg:soapstone":20,"minecraft:wheat":7,"byg:alpine_bellflower":1,"minecraft:chicken":1,"minecraft:chainmail_boots":1,"minecraft:clay_ball":844,"minecraft:stone_slab":3,"iceandfire:manuscript":1,"iceandfire:frozen_splinters":7,"minecraft:string":22,"minecraft:cooked_salmon":5,"minecraft:iron_leggings":1,"minecraft:pufferfish":1,"minecraft:gold_nugget":142,"minecraft:spruce_planks":12,"minecraft:beef":26,"iceandfire:dread_shard":10,"minecraft:poppy":1,"dynamictrees:oak_seed":1,"minecraft:smooth_quartz":3,"minecraft:spruce_slab":2,"minecraft:sugar_cane":12,"minecraft:coal_block":8,"spartanweaponry:iron_flanged_mace":1,"iceandfire:ice_dragon_heart":1,"minecraft:furnace":5,"minecraft:sandstone":68,"minecraft:raw_iron":50,"minecraft:stick":32,"iceandfire:dragonbone":24,"minecraft:copper_ingot":1,"minecraft:spruce_stairs":3,"minecraft:torch":19,"iceandfire:silver_ore":3,"minecraft:porkchop":6,"tombstone:grave_dust":15,"minecraft:diorite":1,"minecraft:carrot":3,"alexsmobs:crocodile_scute":2,"iceandfire:dragon_skull_ice":2,"tombstone:lost_tablet":1,"minecraft:rotten_flesh":26,"minecraft:arrow":53,"botania:blue_mystical_flower":1,"iceandfire:fire_dragon_heart":1,"zombie_extreme:rotten_apple":6,"alexsdelight:raw_bison":10,"minecraft:mutton":3,"minecraft:white_wool":2,"minecraft:snowball":1,"minecraft:cod":2,"minecraft:cobblestone":169,"minecraft:magma_block":1,"minecraft:feather":1,"byg:green_tulip":1,"minecraft:salmon":2,"minecraft:tripwire_hook":1,"minecraft:andesite":3,"minecraft:leather":7,"alexsmobs:bison_fur":4,"minecraft:chiseled_quartz_block":4,"minecraft:smoker":2,"minecraft:potato":614,"minecraft:mushroom_stew":4,"minecraft:flint":3,"minecraft:stripped_spruce_wood":28,"minecraft:lily_pad":1,"minecraft:oak_log":8,"minecraft:cobblestone_wall":5,"minecraft:dirt":80,"minecraft:blue_bed":11,"minecraft:bone":75,"minecraft:apple":2,"spartanweaponry:iron_greatsword":1,"minecraft:wheat_seeds":30,"minecraft:iron_ingot":8,"iceandfire:fire_dragon_flesh":1,"biomesoplenty:toadstool":1,"iceandfire:dragon_skull_fire":1,"iceandfire:ash":2,"alexsmobs:crocodile_egg":2,"iceandfire:dragonscales_sapphire":21,"minecraft:gravel":41,"minecraft:dandelion":1,"minecraft:poisonous_potato":6,"minecraft:sand":107,"spartanweaponry:wooden_longbow":1,"minecraft:stripped_spruce_log":7,"minecraft:blast_furnace":2,"minecraft:ink_sac":2,"minecraft:spruce_log":1,"minecraft:dark_oak_log":3,"minecraft:spider_eye":1,"minecraft:bundle":5,"minecraft:light_gray_concrete":2,"minecraft:pumpkin_seeds":8,"minecraft:purple_bed":2,"minecraft:netherite_helmet":1,"iceandfire:ice_dragon_flesh":5,"minecraft:chainmail_helmet":1,"minecraft:emerald":2,"iceandfire:gorgon_head":1,"alexsmobs:banana_slug_slime":2,"alexsmobs:maggot":2,"tombstone:magic_scroll":4,"iceandfire:silver_nugget":192,"minecraft:coal":98},"minecraft:used":{"sophisticatedbackpacks:iron_backpack":4,"minecraft:iron_shovel":481,"minecraft:chest":6,"minecraft:iron_sword":642,"minecraft:cooked_salmon":3,"minecraft:torch":49,"minecraft:dirt":49,"minecraft:cobblestone_wall":59,"minecraft:spruce_boat":2,"minecraft:iron_hoe":96,"minecraft:iron_axe":205,"minecraft:beef":11,"minecraft:cooked_cod":2,"minecraft:furnace":5,"tombstone:gift":4,"minecraft:potato":222,"minecraft:wheat_seeds":3,"minecraft:water_bucket":22,"minecraft:baked_potato":75,"minecraft:oak_planks":12,"minecraft:sandstone":64,"minecraft:blue_bed":11,"minecraft:sand":50,"spartanweaponry:wooden_longbow":91,"minecraft:crafting_table":8,"minecraft:mushroom_stew":4,"minecraft:blast_furnace":1,"minecraft:smoker":2,"minecraft:apple":2,"minecraft:light_gray_concrete":1,"minecraft:bread":19,"minecraft:iron_pickaxe":594,"tombstone:grave_key":1,"minecraft:gravel":29,"byg:soapstone":15,"minecraft:fishing_rod":7,"minecraft:cobblestone":69,"minecraft:purple_bed":1,"minecraft:cooked_porkchop":4,"minecraft:bucket":24,"minecraft:pumpkin_pie":10,"minecraft:bone_meal":306},"minecraft:broken":{"minecraft:iron_shovel":1,"minecraft:iron_boots":1,"minecraft:iron_axe":1,"minecraft:iron_sword":1,"minecraft:iron_pickaxe":2,"minecraft:iron_helmet":1}},"DataVersion":3120}