{"stats":{"minecraft:killed_by":{"minecraft:drowned":1,"guardvillagers:guard":1,"minecraft:pillager":6},"minecraft:used":{"minecraft:dark_oak_planks":47,"minecraft:spruce_door":1,"minecraft:glass_bottle":9,"minecraft:bread":8,"minecraft:iron_sword":248,"minecraft:bow":2,"minecraft:potion":4,"minecraft:sweet_berries":16,"minecraft:birch_sign":2},"minecraft:broken":{"minecraft:leather_helmet":1,"minecraft:chainmail_leggings":1},"minecraft:picked_up":{"minecraft:stick":9,"minecraft:copper_ingot":1,"minecraft:potion":5,"minecraft:lantern":1,"minecraft:white_banner":3,"minecraft:gunpowder":8,"minecraft:redstone":1,"minecraft:spruce_door":1,"minecraft:moss_carpet":1,"minecraft:spider_eye":2,"minecraft:string":10,"minecraft:dark_oak_planks":3,"minecraft:bone":16,"minecraft:red_carpet":1,"minecraft:rotten_flesh":43,"minecraft:slime_ball":1,"minecraft:wheat_seeds":3,"minecraft:chainmail_leggings":1,"minecraft:crossbow":1,"minecraft:birch_sign":2,"minecraft:poppy":1,"minecraft:bread":3,"minecraft:spruce_trapdoor":1},"minecraft:crafted":{"minecraft:air":48},"minecraft:dropped":{"minecraft:moss_carpet":1,"minecraft:rotten_flesh":2,"minecraft:red_carpet":1},"minecraft:mined":{"minecraft:dark_oak_planks":3,"minecraft:large_fern":2,"minecraft:moss_carpet":1,"dtterralith:acacia_twiglet_leaves":2,"minecraft:spruce_trapdoor":1,"minecraft:grass":8,"minecraft:dead_bush":13,"minecraft:cobweb":6,"minecraft:tall_grass":8,"minecraft:fern":2},"minecraft:custom":{"minecraft:time_since_rest":5029,"minecraft:sprint_one_cm":52638,"minecraft:damage_taken":2353,"minecraft:walk_one_cm":93840,"minecraft:mob_kills":59,"minecraft:drop":4,"minecraft:damage_dealt":10556,"minecraft:swim_one_cm":18077,"minecraft:talked_to_villager":1,"minecraft:fly_one_cm":31821,"minecraft:open_barrel":26,"minecraft:open_chest":12,"minecraft:crouch_one_cm":644,"minecraft:play_time":48903,"minecraft:deaths":8,"minecraft:sneak_time":481,"minecraft:raid_trigger":1,"minecraft:walk_under_water_one_cm":6921,"minecraft:jump":330,"minecraft:eat_cake_slice":4,"minecraft:leave_game":2,"minecraft:time_since_death":4788,"minecraft:walk_on_water_one_cm":18142,"minecraft:sleep_in_bed":1,"minecraft:total_world_time":48903,"minecraft:climb_one_cm":1411,"minecraft:fall_one_cm":9725},"minecraft:killed":{"minecraft:pillager":30,"minecraft:zombie":25,"minecraft:witch":1,"minecraft:drowned":3}},"DataVersion":2975}