{
  "biomesoplenty:biomesoplenty/root": {
    "criteria": {
      "cold_desert": "2024-08-01 18:35:30 +0000"
    },
    "done": true
  },
  "farmersdelight:main/root": {
    "criteria": {
      "seeds": "2024-08-01 18:35:29 +0000"
    },
    "done": true
  },
  "betterdungeons:root": {
    "criteria": {
      "always": "2024-08-01 18:35:29 +0000"
    },
    "done": true
  },
  "iceandfire:iceandfire/root": {
    "criteria": {
      "tick": "2024-08-01 18:35:29 +0000"
    },
    "done": true
  },
  "tombstone:adventure/root": {
    "criteria": {
      "auto": "2024-08-01 18:35:30 +0000"
    },
    "done": true
  },
  "botania:main/root": {
    "criteria": {
      "flower": "2024-08-01 18:38:11 +0000"
    },
    "done": true
  },
  "botania:recipes/botania/flower_bag": {
    "criteria": {
      "has_item": "2024-08-01 18:38:11 +0000"
    },
    "done": true
  },
  "tombstone:adventure/first_grave": {
    "criteria": {
      "coded_trigger": "2024-08-01 18:37:36 +0000"
    },
    "done": true
  },
  "botania:challenge/root": {
    "criteria": {
      "flower": "2024-08-01 18:38:11 +0000"
    },
    "done": true
  },
  "dungeons_arise:wda_root": {
    "criteria": {
      "WDA": "2024-08-01 18:35:29 +0000"
    },
    "done": true
  },
  "botania:main/flower_pickup": {
    "criteria": {
      "flower": "2024-08-01 18:38:11 +0000"
    },
    "done": true
  },
  "byg:root": {
    "criteria": {
      "tick": "2024-08-01 18:35:29 +0000"
    },
    "done": true
  },
  "tombstone:recipes/from_grave_key": {
    "criteria": {
      "has_ingredient": "2024-08-01 18:37:37 +0000"
    },
    "done": true
  },
  "inventorypets:root": {
    "criteria": {
      "auto": "2024-08-01 18:35:30 +0000"
    },
    "done": true
  },
  "botania:recipes/botania/gray_shiny_flower": {
    "criteria": {
      "has_item": "2024-08-01 18:38:11 +0000"
    },
    "done": true
  },
  "botania:recipes/botania/petal_gray": {
    "criteria": {
      "has_item": "2024-08-01 18:38:11 +0000"
    },
    "done": true
  },
  "biomesoplenty:biomesoplenty/all_biomes": {
    "criteria": {
      "cold_desert": "2024-08-01 18:35:30 +0000",
      "coniferous_forest": "2024-08-01 18:36:25 +0000",
      "seasonal_forest": "2024-08-01 18:38:12 +0000"
    },
    "done": false
  },
  "botania:main/flower_pickup_lexicon": {
    "criteria": {
      "flower": "2024-08-01 18:38:11 +0000"
    },
    "done": true
  },
  "tombstone:adventure/cancel_ghostly_shape": {
    "criteria": {
      "coded_trigger": "2024-08-01 18:38:10 +0000"
    },
    "done": true
  },
  "DataVersion": 3120
}